appid,game_name,genre_Action,genre_Adventure,genre_RPG,genre_Strategy,genre_Simulation,genre_Shooter,genre_Sports,genre_Racing,genre_Horror,genre_Survival,genre_Platformer,genre_Puzzle,genre_Casual,tag_singleplayer,tag_action,tag_multiplayer,tag_adventure,tag_co-op,tag_first-person,tag_atmospheric,tag_open world,tag_indie,tag_online co-op,tag_sandbox,tag_simulation,tag_shooter,tag_strategy,tag_fps,tag_survival,tag_great soundtrack,tag_rpg,tag_story rich,tag_funny,tag_exploration,tag_pvp,tag_third person,tag_realistic,tag_horror,tag_casual,tag_difficult,tag_sci-fi,tag_2d,tag_moddable,tag_building,tag_gore,tag_tactical,tag_character customization,tag_crafting,tag_3d,tag_violent,tag_fantasy,tag_early access,tag_free to play,is_singleplayer,is_multiplayer,is_coop,price,rating,review_count,log_review_count,positive_ratio,release_year,game_age_years
4508340,NTE: Neverness to Everness,1,1,1,0,0,0,0,0,0,0,0,0,0,0,1,1,1,0,0,0,1,0,0,0,0,0,0,0,0,0,1,0,0,0,0,0,0,0,0,0,0,0,0,0,0,0,0,0,0,0,0,0,1,1,1,1,0.0,84.19,5061.0,8.529516941105069,0.8419284726338668,2026.0,0.0
4162040,Zenless Zone Zero,1,1,1,0,0,0,0,0,0,0,0,0,0,1,1,0,1,0,0,1,0,0,0,0,0,0,0,0,0,1,1,1,1,0,0,1,0,0,1,0,0,0,0,0,0,0,0,0,0,0,0,0,1,1,0,0,0.0,88.01,14180.0,9.559658319461347,0.8801128349788434,2026.0,0.0
2739990,Mahjong Soul,0,0,0,1,0,0,0,0,0,0,0,0,1,0,0,1,0,0,0,0,0,0,0,0,0,0,1,0,0,0,0,0,0,0,1,0,0,1,1,0,0,0,0,0,0,1,0,0,0,0,1,0,1,0,1,0,0.0,83.83,4125.0,8.325063693631197,0.8383030303030303,2024.0,2.0
2584270,Mortal Shell II,1,0,1,0,0,0,0,0,0,0,0,0,0,1,1,0,1,0,0,1,1,0,0,0,0,0,0,0,0,0,1,0,0,1,0,1,0,1,0,1,0,0,0,0,1,0,0,0,0,1,0,0,0,1,0,0,54800.0,81.39,3730.0,8.224431573221159,0.8139410187667561,2026.0,0.0
3564740,Where Winds Meet,1,1,1,1,1,0,0,1,0,0,0,0,1,1,1,1,1,1,0,1,1,0,1,0,0,0,0,0,0,0,0,1,0,0,0,1,0,0,0,0,0,0,0,0,0,0,1,0,0,0,1,0,1,1,1,1,0.0,86.54,113636.0,11.640764436464433,0.8654211693477419,2025.0,1.0
1172470,"Apex Legends??""Action",0,1,0,0,0,0,0,0,0,0,0,0,0,0,1,1,0,1,1,0,0,0,0,0,0,1,0,1,1,0,0,0,1,0,1,0,0,0,0,0,1,0,0,0,0,1,1,0,0,0,0,0,1,0,1,1,0.0,67.74,1064598.0,13.878108760400421,0.6774172034890165,2020.0,6.0
1449850,Yu-Gi-Oh! Master Duel,0,0,0,1,1,0,0,0,0,0,0,0,0,1,0,1,0,0,0,0,0,0,0,0,1,0,1,0,0,1,0,0,0,0,1,0,0,0,0,0,0,1,0,0,0,1,0,0,1,0,1,0,1,1,1,0,0.0,71.53,100906.0,11.521954579554748,0.7153390284026718,2022.0,4.0
2139460,Once Human,1,1,1,1,1,0,0,1,0,0,0,0,1,1,0,1,1,1,0,0,1,0,1,1,0,1,0,0,1,0,0,0,0,1,0,0,0,1,1,0,0,0,0,1,0,0,0,1,0,0,0,0,1,0,1,1,0.0,78.43,181481.0,12.1089117542153,0.7843190196218888,2024.0,2.0
2358720,Black Myth: Wukong,1,1,1,0,0,0,0,0,0,0,0,0,0,0,0,0,0,0,0,0,0,0,0,0,0,0,0,0,0,0,0,0,0,0,0,0,0,0,0,0,0,0,0,0,0,0,0,0,0,1,0,0,0,1,0,0,45360.0,96.51,1206408.0,14.003158736420202,0.9651403173719008,2024.0,2.0
3513350,Wuthering Waves,1,1,1,0,0,0,0,0,0,0,0,0,0,1,1,1,1,1,0,0,1,0,0,0,0,0,0,0,0,1,1,1,0,1,0,1,0,0,0,0,0,0,0,0,0,0,0,0,1,0,0,0,1,1,0,0,0.0,87.89,54378.0,10.903733328903735,0.8789216227150686,2025.0,1.0
2436940,Sephiria,1,1,1,0,0,0,0,0,0,0,0,0,0,1,1,1,1,1,0,0,0,1,0,0,0,0,0,0,0,0,1,0,0,0,0,0,0,0,0,0,0,1,0,0,0,0,0,0,0,0,1,0,0,1,1,1,16500.0,93.95,10363.0,9.246093541682,0.9394962848595967,2026.0,0.0
960170,DJMAX RESPECT V,1,0,0,1,0,0,1,0,0,0,0,0,1,0,0,0,0,0,0,0,0,0,0,0,0,0,0,0,0,0,0,0,0,0,0,0,0,0,0,0,0,0,0,0,0,0,0,0,0,0,0,0,0,1,1,0,49800.0,88.67,34778.0,10.45676903533851,0.8867099890735523,2020.0,6.0
1623730,Palworld,1,1,1,0,0,0,0,0,0,0,0,0,0,1,1,1,1,1,0,0,1,1,1,1,0,0,0,0,1,0,1,0,0,1,0,0,0,0,0,0,0,0,0,1,0,0,0,1,0,0,0,0,0,1,1,1,32000.0,94.53,478420.0,13.078246376976214,0.9453179214915765,2026.0,0.0
985810,GrandChase,1,0,0,0,0,0,0,0,0,0,0,0,1,0,1,1,0,0,0,0,0,0,1,0,0,0,0,0,0,0,0,1,0,0,1,0,0,0,1,0,0,0,0,0,0,0,1,0,0,0,1,0,1,0,1,1,0.0,65.77,25997.0,10.165774890967965,0.6577297380466977,2021.0,5.0
730,Counter-Strike 2,1,0,0,0,0,0,0,0,0,0,0,0,0,0,1,1,0,1,1,0,0,0,1,0,0,1,1,1,0,0,0,0,0,0,1,0,1,0,0,1,0,0,1,0,0,1,0,0,0,0,0,0,0,0,1,0,0.0,85.94,9803374.0,16.09823727210805,0.8594428816038233,2012.0,14.0
381210,Dead by Daylight,1,0,0,0,0,0,0,0,0,0,0,0,0,0,1,1,0,1,1,1,0,0,1,0,0,0,1,0,1,0,0,0,0,0,0,1,0,1,0,1,0,0,0,0,1,0,0,0,0,1,0,0,0,0,1,1,21500.0,78.42,928116.0,13.740913081407433,0.7842241702545802,2016.0,10.0
262060,Darkest Dungeon짰,0,0,1,1,0,0,0,0,0,0,0,0,0,1,0,0,0,0,0,1,0,1,0,0,0,0,1,0,0,1,1,0,0,0,0,0,0,1,0,1,0,1,0,0,0,0,0,0,0,0,1,0,0,1,0,0,4050.0,91.67,161288.0,11.990953065879609,0.9167328009523337,2016.0,10.0
4128400,eBaseball?? PRO SPIRIT,1,0,0,1,0,0,1,0,0,0,0,0,0,1,1,1,0,0,0,0,0,0,0,0,0,0,0,0,0,0,0,0,0,0,1,0,1,0,0,0,0,0,0,0,0,0,0,0,1,0,0,0,1,1,1,1,0.0,77.02,1410.0,7.252053951852814,0.7702127659574468,2026.0,0.0
1142710,Total War: WARHAMMER III,1,0,0,1,0,0,0,0,0,0,0,0,0,1,1,1,0,1,0,1,0,0,1,0,0,0,1,0,0,0,0,1,0,0,1,0,0,0,0,0,0,0,0,0,0,1,0,0,0,0,1,0,0,1,1,1,9000.0,71.18,147156.0,11.899255323036463,0.711843214004186,2022.0,4.0
2285550,Doloc Town,0,1,1,0,1,0,0,0,0,0,0,0,1,1,0,0,1,0,0,0,0,0,0,0,1,0,0,0,0,0,1,0,0,1,0,0,0,0,1,0,0,0,0,1,0,0,0,1,0,0,0,0,0,1,0,0,16000.0,94.75,3334.0,8.112227958349724,0.94751049790042,2026.0,0.0
4025700,Heartopia,0,0,0,0,1,0,0,0,0,0,0,0,1,1,0,1,0,0,0,1,0,0,0,0,1,0,0,0,0,0,0,0,1,0,0,1,1,0,1,0,0,0,0,0,0,0,1,0,0,0,0,0,1,1,1,0,0.0,66.05,15431.0,9.644198554585564,0.6604886267902275,2026.0,0.0
3932890,Escape from Tarkov,1,0,1,0,1,0,0,0,0,0,0,0,0,0,1,1,0,0,1,0,0,0,1,0,1,1,0,1,1,0,0,0,0,0,1,0,1,0,0,0,0,0,0,0,0,1,0,0,0,0,0,0,0,0,1,1,69500.0,49.0,62126.0,11.036935956039695,0.4899558960821556,2025.0,1.0
4315040,Hearth and Hamlet,0,0,0,1,1,0,0,0,0,0,0,0,1,1,0,0,0,0,0,0,0,0,0,0,1,0,1,0,0,0,0,0,0,0,0,0,0,0,1,0,0,0,0,1,0,0,0,0,0,0,0,0,0,1,0,0,6930.0,88.2,178.0,5.187385805840755,0.8820224719101124,2026.0,0.0
1778820,TEKKEN 8,1,0,0,0,0,0,0,0,0,0,0,0,0,1,1,1,0,0,0,0,0,0,0,0,0,0,0,0,0,1,0,0,0,0,1,0,0,0,1,1,0,0,0,0,0,0,1,0,0,0,0,0,0,1,1,0,49800.0,56.35,72023.0,11.184754675788312,0.5634866639823389,2024.0,2.0
1771300,Kingdom Come: Deliverance II,1,1,1,0,0,0,0,0,0,0,0,0,0,1,1,0,1,0,1,1,1,0,0,0,0,0,0,0,0,0,1,1,0,0,0,0,1,0,0,0,0,0,0,0,0,0,0,0,1,0,0,0,0,1,0,0,24320.0,93.94,192551.0,12.168121526101602,0.9393822935222357,2025.0,1.0
3551340,Football Manager 26,0,0,0,1,1,0,1,0,0,0,0,0,0,1,0,1,0,0,0,0,0,0,0,0,1,0,1,0,0,0,0,0,0,0,0,0,0,0,0,0,0,0,0,0,0,0,0,0,0,0,0,0,0,1,1,0,27920.0,34.98,35225.0,10.469539725292242,0.34983676366217176,2025.0,1.0
4012810,STEINS;GATE RE:BOOT,0,1,0,0,0,0,0,0,0,0,0,0,1,1,0,0,1,0,0,1,0,0,0,0,0,0,0,0,0,0,0,1,0,0,0,0,0,1,1,0,1,0,0,0,0,0,0,0,0,0,0,0,0,1,0,0,55350.0,81.77,181.0,5.204006687076795,0.8176795580110497,2026.0,0.0
881020,Granblue Fantasy: Relink,1,1,1,0,0,0,0,0,0,0,0,0,0,1,1,1,0,0,0,0,0,0,1,0,0,0,0,0,0,0,1,0,0,0,0,1,0,0,0,0,0,0,0,0,0,0,0,0,1,0,1,0,0,1,1,1,49800.0,90.09,55520.0,10.924516606545858,0.9009005763688761,2024.0,2.0
2406770,Bodycam,1,0,0,1,1,0,0,0,0,0,0,0,0,0,1,1,0,1,1,0,0,0,0,0,1,1,0,1,0,0,0,0,0,0,1,0,1,1,0,0,0,0,0,0,0,1,0,0,0,0,0,1,0,0,1,0,37500.0,76.32,45006.0,10.7145733122105,0.7632093498644625,2024.0,2.0
570,Dota 2,1,0,0,1,0,0,0,0,0,0,0,0,0,0,1,1,0,1,0,0,0,0,1,0,1,0,1,0,0,0,1,0,0,0,1,0,0,0,0,1,0,0,0,0,0,0,1,0,0,0,1,0,1,0,1,1,0.0,80.57,2760960.0,14.831089365495615,0.8056581768660176,2013.0,13.0
2651280,Marvel's Spider-Man 2,1,1,0,0,0,0,0,0,0,0,0,0,0,1,1,1,1,0,0,1,1,0,0,0,0,0,0,0,0,1,0,1,0,1,0,1,0,0,0,0,0,0,0,0,0,0,0,0,0,0,0,0,0,1,0,0,62800.0,83.12,44908.0,10.712393499078143,0.8311882070009797,2025.0,1.0
4570720,DragonSword : Awakening,1,1,1,0,0,0,0,0,0,0,0,0,0,1,1,1,1,0,0,0,1,0,1,0,0,0,0,0,0,0,1,1,0,0,0,1,0,0,0,0,0,0,0,0,0,0,0,0,1,0,1,0,0,1,1,1,33000.0,90.13,10798.0,9.28720881623276,0.9012780144471199,2026.0,0.0
1478500,Big Walk,0,1,0,0,0,0,0,0,0,0,0,0,0,0,0,1,1,0,1,1,1,0,0,1,0,0,0,0,0,0,0,0,1,1,0,0,0,0,1,0,0,0,0,0,0,0,0,0,0,0,0,0,0,0,1,1,21800.0,94.3,20924.0,9.948699895357676,0.9429841330529536,2026.0,0.0
3240220,Grand Theft Auto V Enhanced,1,1,0,0,0,0,0,1,0,0,0,0,0,0,1,1,1,1,1,1,1,0,0,1,0,1,0,0,0,0,0,0,1,0,1,1,0,0,0,0,0,0,1,0,0,0,0,0,0,0,0,0,0,1,1,1,36790.0,82.61,215763.0,12.281940496759303,0.826059148232088,2025.0,1.0
4704690,MECCHA CHAMELEON,0,0,0,0,0,0,0,0,0,0,0,0,1,0,0,1,0,1,0,0,0,1,1,0,0,0,0,0,0,0,0,0,1,0,0,0,1,0,1,0,0,0,0,0,0,0,0,0,0,0,0,0,0,0,1,0,6550.0,87.39,84807.0,11.348145156952933,0.8738665440352801,2026.0,0.0
1158310,Crusader Kings III,0,0,1,1,1,0,0,0,0,0,0,0,0,1,0,1,0,0,0,0,0,0,0,1,1,0,1,0,0,0,1,0,0,0,0,0,0,0,0,0,0,0,1,0,0,0,1,0,0,0,0,0,0,1,1,0,16500.0,90.43,142759.0,11.868920177604096,0.9043142638992988,2020.0,6.0
3527290,PEAK,1,1,0,0,0,0,0,0,0,0,0,0,0,0,1,1,1,1,1,1,0,0,1,0,0,0,0,0,0,0,0,0,0,1,0,0,0,1,0,0,0,0,0,0,0,0,1,0,1,0,0,0,0,1,1,1,8400.0,94.52,356055.0,12.782843300834076,0.9451826262796478,2025.0,1.0
4108000,Machine Party,1,0,0,0,0,0,0,0,0,0,0,0,0,0,1,1,0,1,0,1,0,1,1,0,0,0,0,0,0,0,0,0,1,0,1,0,0,1,1,0,0,0,0,0,1,0,0,0,1,1,0,0,0,0,1,1,8800.0,87.18,3877.0,8.263074835802596,0.8718080990456538,2026.0,0.0
3812600,ReStory: Chill Electronics Repairs,0,0,0,0,1,0,0,0,0,0,0,0,0,1,0,0,0,0,1,1,0,1,0,0,1,0,0,0,0,0,0,1,0,0,0,0,0,0,0,0,0,0,0,1,0,0,0,1,1,0,0,0,0,1,0,0,17910.0,95.84,7480.0,8.920121751872404,0.9584224598930481,2026.0,0.0
2483190,Forza Horizon 6,0,0,0,1,1,0,1,1,0,0,0,0,0,1,0,1,0,1,1,1,1,0,1,1,1,0,0,0,0,0,1,0,1,1,1,0,1,0,0,0,0,0,0,0,0,0,0,0,0,0,0,0,0,1,1,1,79800.0,82.86,94239.0,11.453599998885414,0.8286378251042562,2026.0,0.0
2161700,Persona 3 Reload,0,1,1,1,0,0,0,0,0,0,0,0,0,1,0,0,1,0,0,0,0,0,0,0,0,0,1,0,0,1,1,1,0,0,0,0,0,0,0,0,0,0,0,0,0,0,0,0,0,0,0,0,0,1,0,0,24430.0,94.39,61756.0,11.030962608389315,0.9438597059395039,2024.0,2.0
958260,DEAD OR ALIVE Xtreme Venus Vacation,0,0,0,1,0,0,1,0,0,0,0,0,0,1,1,1,0,0,1,0,1,0,0,0,1,0,0,0,0,0,1,0,0,0,0,0,0,0,1,0,0,0,0,0,0,0,1,0,1,0,0,0,1,0,1,0,0.0,82.98,28848.0,10.269830609290443,0.8297628951747088,2019.0,7.0
694280,Zombie Army 4: Dead War,1,0,0,0,0,0,0,0,0,0,0,0,0,1,1,1,1,1,0,0,1,0,0,0,0,1,0,0,0,0,0,0,0,0,0,1,0,1,0,0,0,0,0,0,1,0,0,0,0,1,0,0,0,1,1,1,2650.0,86.34,11263.0,9.329367078397823,0.8633578975406198,2021.0,5.0
1245620,ELDEN RING,1,0,1,0,0,0,0,0,0,0,0,0,0,1,1,1,0,1,0,1,1,0,1,0,0,0,0,0,0,1,1,0,0,0,1,1,0,0,0,1,0,0,0,0,0,0,1,0,1,1,1,0,0,1,1,1,64800.0,93.08,1149190.0,13.954568774521624,0.9307982143944865,2022.0,4.0
1818450,STALZONE,1,0,1,0,0,0,0,0,0,0,0,0,0,0,1,1,0,0,0,0,1,0,1,0,0,1,0,1,1,0,1,1,0,0,1,0,0,0,0,0,0,0,0,0,0,1,0,0,0,0,0,0,1,0,1,1,0.0,72.27,106311.0,11.574133446011343,0.7226533472547526,2022.0,4.0
1643320,S.T.A.L.K.E.R. 2: Heart of Chornobyl,1,1,1,0,0,0,0,0,0,0,0,0,0,1,1,0,0,0,1,1,1,0,0,0,0,1,0,1,1,0,1,1,0,1,0,0,1,0,0,0,1,0,0,0,0,0,0,0,0,0,0,0,0,1,0,0,45430.0,79.79,135980.0,11.82027044907606,0.7978893954993381,2024.0,2.0
2161440,Sailing Era,0,1,1,1,1,0,0,0,0,0,0,0,0,1,0,0,1,0,0,0,0,0,0,0,1,0,1,0,0,0,1,1,0,1,0,0,0,0,0,0,0,0,0,0,0,0,0,0,0,0,0,0,0,1,0,0,27000.0,78.46,5036.0,8.52456594574565,0.784551231135822,2023.0,3.0
3028330,Battlefield??REDSEC,1,0,0,0,0,0,0,0,0,0,0,0,0,0,0,0,0,0,0,0,0,0,0,0,0,0,0,0,0,0,0,0,0,0,0,0,1,0,0,0,0,0,0,0,0,0,0,0,0,1,0,0,0,1,1,0,0.0,44.52,16500.0,9.711176264112805,0.4452121212121212,2025.0,1.0
4559140,Godius Eternal War,1,1,1,0,0,0,0,0,0,0,0,0,0,0,0,1,0,1,0,0,0,1,1,0,0,0,0,0,0,0,1,0,0,0,1,0,0,0,0,0,0,1,0,0,0,0,0,0,0,0,0,0,1,0,1,1,0.0,43.68,174.0,5.1647859739235145,0.4367816091954023,2026.0,0.0
227300,Euro Truck Simulator 2,0,0,0,0,1,0,0,0,0,0,0,0,0,0,0,1,1,0,0,1,1,1,0,0,1,0,0,0,0,0,0,0,0,1,0,1,1,0,1,0,0,0,1,0,0,0,0,0,0,0,0,0,0,1,1,1,6200.0,97.44,937309.0,13.750769349620372,0.9744470606811628,2012.0,14.0
1687950,Persona 5 Royal,0,0,1,0,0,0,0,0,0,0,0,0,0,1,0,0,1,0,0,0,0,0,0,0,0,0,0,0,0,1,1,1,0,0,0,0,0,0,0,0,0,0,0,0,0,0,0,0,0,1,0,0,0,1,0,0,20940.0,96.36,137507.0,11.83143737621445,0.9636382147817929,2022.0,4.0
2868840,Slay the Spire 2,0,0,0,1,0,0,0,0,0,0,0,0,0,1,0,1,0,1,0,0,0,1,0,0,0,0,1,0,0,0,0,0,0,0,0,0,0,0,0,1,0,1,0,0,0,0,0,0,0,0,1,1,0,1,1,1,27000.0,60.76,196766.0,12.189775566613108,0.607604972403769,2026.0,0.0
2950790,IRON NEST: Heavy Turret Simulator,1,0,0,0,1,0,0,0,0,0,0,0,0,0,1,0,0,0,1,1,0,1,0,0,1,0,0,0,0,0,0,0,0,0,0,0,1,0,0,0,0,0,0,0,0,1,0,0,1,0,0,0,0,1,0,0,14920.0,97.95,11350.0,9.337061124755339,0.9794713656387665,2026.0,0.0
835570,Conqueror's Blade,1,0,1,1,0,0,0,0,0,0,0,0,0,0,1,0,0,0,0,0,1,0,0,1,0,0,1,0,0,0,1,0,0,0,1,1,0,0,0,0,0,0,0,0,0,1,1,0,0,0,0,0,1,0,1,1,0.0,67.06,38848.0,10.567437615438774,0.6706394151565074,2020.0,6.0
1477590,EZ2ON REBOOT : R,1,0,0,1,0,0,1,0,0,0,0,0,1,1,1,0,0,0,0,0,0,0,0,0,0,0,0,0,0,0,0,0,0,0,1,0,0,0,1,1,1,0,0,0,0,0,0,0,0,0,0,1,0,1,1,1,22400.0,90.97,6256.0,8.741456115998364,0.9096867007672634,2022.0,4.0
3636770,Servant of the Lake,0,1,0,0,0,0,0,0,0,0,0,0,0,1,0,0,1,0,0,1,0,1,0,0,0,0,0,0,0,0,0,1,0,1,0,0,0,1,0,0,0,1,0,0,0,0,0,0,0,0,0,0,0,1,0,0,6520.0,98.59,5094.0,8.536014945656826,0.9858657243816255,2026.0,0.0
2537590,Microsoft Flight Simulator 2024,0,0,0,0,1,0,0,0,0,0,0,0,0,1,0,1,0,0,0,1,1,0,0,1,1,0,0,0,0,0,0,0,0,1,0,0,1,0,0,0,0,0,0,0,0,0,1,0,0,0,0,0,0,1,1,0,56000.0,59.15,21746.0,9.987231095968987,0.5914650970293387,2024.0,2.0
2767030,Marvel Rivals,1,0,0,0,0,0,0,0,0,0,0,0,0,0,1,1,0,1,0,0,0,0,1,0,0,1,1,1,0,0,0,0,0,0,1,1,0,0,0,0,1,0,0,0,0,0,0,0,1,0,0,0,1,0,1,1,0.0,75.79,409946.0,12.923783162031942,0.7579266537543969,2024.0,2.0
2569510,MLB 9 Innings Rivals 26,0,0,0,1,0,0,1,0,0,0,0,0,0,1,0,1,0,0,0,0,0,0,0,0,1,0,0,0,0,0,0,0,0,0,1,1,1,0,1,0,0,0,0,0,0,0,0,0,1,0,0,1,1,0,1,0,0.0,79.2,1716.0,7.448333860897476,0.791958041958042,2025.0,1.0
294100,RimWorld,0,0,0,1,1,0,0,0,0,0,0,0,0,1,0,0,0,0,0,1,1,1,0,1,1,0,1,0,1,0,0,1,0,0,0,0,0,0,0,0,1,1,1,1,0,0,0,0,0,0,0,0,0,1,0,0,37500.0,97.85,244982.0,12.408944099364321,0.9784637238654268,2018.0,8.0
3892270,Gamble With Your Friends,0,1,0,0,1,0,0,0,0,0,0,0,0,0,1,1,1,1,1,1,0,0,1,1,1,0,0,0,0,0,0,0,0,1,0,0,0,0,0,0,0,0,0,0,0,0,1,0,1,0,0,0,0,1,1,1,8900.0,89.8,19812.0,9.89409356689426,0.8979911164950535,2026.0,0.0
4421010,Bills Must Be Paid,1,0,0,1,1,0,0,0,0,0,0,0,1,1,1,0,0,0,0,0,0,1,0,0,1,0,1,0,0,0,0,0,0,0,0,0,0,0,1,0,0,0,0,0,0,0,0,0,1,0,0,0,0,1,0,0,7600.0,96.96,7739.0,8.954156966583772,0.9696343196795452,2026.0,0.0
108600,Project Zomboid,0,0,1,0,1,0,0,0,0,0,0,0,0,1,0,1,1,1,0,0,1,1,0,1,1,0,0,0,1,0,1,0,0,0,0,0,1,0,0,0,0,1,0,1,0,0,0,1,0,0,0,1,0,1,1,1,26500.0,93.85,473269.0,13.067421329140037,0.9385169956198272,2013.0,13.0
1672970,Minecraft Dungeons,1,1,1,0,0,0,0,0,0,0,0,0,0,0,1,1,1,0,0,1,0,0,0,0,0,0,0,0,0,0,1,0,1,1,0,0,0,0,0,0,0,0,0,0,0,0,0,0,0,0,1,0,0,1,1,1,12450.0,90.45,18756.0,9.839322295060342,0.904510556621881,2021.0,5.0
2807960,Battlefield??6,1,0,0,0,0,0,0,0,0,0,0,0,0,0,0,0,0,0,0,0,0,0,0,0,0,0,0,0,0,0,0,0,0,0,0,0,1,0,0,0,0,0,0,0,0,0,0,0,0,1,0,0,0,1,1,0,80000.0,64.15,362314.0,12.800269278179035,0.6414629299447441,2025.0,1.0
1313140,Cult of the Lamb,1,1,0,1,0,0,0,0,0,0,0,0,0,1,1,0,1,0,0,0,0,1,0,0,0,0,0,0,0,0,0,0,1,0,0,0,0,0,0,0,0,1,0,1,0,0,1,0,0,0,1,0,0,1,1,1,10000.0,95.89,127900.0,11.759011806144656,0.9588741204065676,2022.0,4.0
1621690,Core Keeper,1,1,1,0,1,0,0,0,0,0,0,0,0,1,1,1,1,1,0,1,1,1,1,1,0,0,0,0,1,0,0,0,0,1,0,0,0,0,0,0,0,1,0,1,0,0,0,1,0,0,0,0,0,1,1,1,21500.0,92.94,66029.0,11.097864463188618,0.9294098047827469,2024.0,2.0
4594150,"Sir, We Have an Orc Problem",0,0,0,1,1,0,0,0,0,0,0,0,0,1,0,0,0,0,0,0,0,0,0,0,1,0,1,0,0,0,0,0,0,0,0,0,0,0,0,0,0,1,0,0,0,0,0,0,0,0,1,0,0,1,0,0,9900.0,86.87,3335.0,8.112527763478637,0.8686656671664168,2026.0,0.0
2246340,Monster Hunter Wilds,1,1,1,0,0,0,0,0,0,0,0,0,0,1,1,1,1,1,0,1,1,0,1,0,0,0,0,0,0,1,1,0,0,0,0,1,0,0,0,0,0,0,0,0,0,0,1,0,0,0,1,0,0,1,1,1,45800.0,49.05,328150.0,12.701229147284092,0.4904982477525522,2025.0,1.0
779340,Total War: THREE KINGDOMS,1,0,0,1,0,0,0,0,0,0,0,0,0,1,1,1,0,1,0,0,0,0,0,1,1,0,1,0,0,1,0,0,0,0,0,0,0,0,0,0,0,0,0,0,0,1,0,0,0,1,1,0,0,1,1,1,13440.0,82.23,93485.0,11.445566971445409,0.8223030432689736,2019.0,7.0
2142790,Fields of Mistria,0,0,1,0,1,0,0,0,0,0,0,0,0,0,0,0,0,0,0,0,1,0,0,1,1,0,0,0,0,0,1,0,0,0,0,0,0,0,0,0,0,1,0,1,0,0,0,1,0,0,0,0,0,1,0,0,15500.0,97.26,32567.0,10.391085490182816,0.9726410169803789,2026.0,0.0
3595270,Call of Duty짰: Modern Warfare짰 III,1,0,0,0,0,0,0,0,0,0,0,0,0,1,1,1,0,1,1,0,1,0,1,0,0,1,0,1,0,0,0,1,0,0,1,0,1,0,0,0,0,0,0,0,1,1,0,0,0,1,0,0,0,1,1,1,21120.0,45.55,20852.0,9.945253101768596,0.4555438327258776,2023.0,3.0
1817070,Marvel?셲 Spider-Man Remastered,1,1,0,0,0,0,0,0,0,0,0,0,1,1,1,1,1,0,0,1,1,0,0,0,0,0,0,0,0,1,0,1,1,1,0,1,0,0,0,0,1,0,0,0,0,0,0,0,0,0,0,0,0,1,0,0,62800.0,96.02,140809.0,11.855166742911358,0.9602440184931361,2022.0,4.0
413150,Stardew Valley,0,0,1,0,1,0,0,0,0,0,0,0,0,1,0,1,0,0,0,0,1,1,0,1,1,0,0,0,0,1,1,0,0,0,0,0,0,0,1,0,0,1,0,1,0,0,0,1,0,0,0,0,0,1,1,1,16000.0,98.48,1032808.0,13.84779283265166,0.9847977552458927,2016.0,10.0
3052450,Morimens,0,0,1,1,0,0,0,0,0,0,0,0,0,1,0,1,1,0,0,1,0,0,0,0,0,0,1,0,0,0,1,1,0,0,1,0,0,1,0,0,0,1,0,0,0,0,0,0,0,0,0,0,1,1,1,0,0.0,83.25,5051.0,8.527539483470381,0.8325084141754108,2024.0,2.0
4282500,hololive Dreams,1,1,1,0,0,0,0,0,0,0,0,0,0,0,1,0,1,1,0,0,0,0,0,0,0,0,0,0,0,0,1,0,0,0,1,0,0,0,0,0,0,1,0,0,0,0,1,0,1,0,0,0,1,1,1,1,0.0,65.09,3022.0,8.014004994779459,0.6508934480476506,2026.0,0.0
2552430,KINGDOM HEARTS -HD 1.5+2.5 ReMIX-,1,1,1,0,0,0,0,0,0,0,0,0,0,1,1,0,1,0,0,1,0,0,0,0,0,0,0,0,0,1,1,1,0,0,0,0,0,0,0,0,0,0,0,0,0,0,0,0,1,0,1,0,0,1,0,0,16440.0,86.43,11591.0,9.358070484000518,0.8642912604607023,2024.0,2.0
1974050,Torchlight: Infinite,1,1,1,0,0,0,0,0,0,0,0,0,0,1,1,1,1,1,0,0,0,0,0,0,0,0,0,0,0,0,1,1,0,0,0,0,0,0,0,0,0,0,0,0,0,0,1,0,0,0,1,0,1,1,1,1,0.0,69.02,21449.0,9.973479924356162,0.6902419693225792,2023.0,3.0
594570,Total War: WARHAMMER II,1,0,0,1,0,0,0,0,0,0,0,0,0,1,1,1,0,1,0,0,0,0,0,0,1,0,1,0,0,0,1,0,0,0,0,0,0,0,0,0,0,0,0,0,0,1,0,0,0,0,1,0,0,1,1,1,14950.0,92.99,121432.0,11.707117949334386,0.9299443309835957,2017.0,9.0
236390,War Thunder,1,0,0,0,1,0,0,0,0,0,0,0,0,0,1,1,0,0,0,0,0,0,0,0,1,1,0,0,0,0,0,0,0,0,0,1,1,0,0,0,0,0,0,0,0,0,0,0,0,0,0,0,1,1,1,1,0.0,71.2,776487.0,13.562536467491388,0.7120338138307531,2013.0,13.0
1868140,DAVE THE DIVER,0,1,1,0,1,0,0,0,0,0,0,0,1,1,1,0,1,0,0,0,0,1,0,0,1,0,0,0,0,0,1,1,1,1,0,0,0,0,1,0,0,1,0,0,0,0,0,1,0,0,0,0,0,1,0,0,24000.0,96.53,160617.0,11.986784153915458,0.9652901000516757,2023.0,3.0
2679460,Metaphor: ReFantazio,1,1,1,0,0,0,0,0,0,0,0,0,0,1,0,0,1,0,0,0,0,0,0,0,0,0,1,0,0,0,1,1,0,0,0,1,0,0,0,0,0,0,0,0,0,0,0,0,1,0,1,0,0,1,0,0,31920.0,89.68,42669.0,10.661251376182046,0.896763458248377,2024.0,2.0
4113940,Sovereign Tower,0,0,1,0,0,0,0,0,0,0,0,0,0,1,0,0,0,0,0,0,0,1,0,0,1,0,0,0,0,0,1,1,0,0,0,0,0,0,0,0,0,1,0,0,0,0,0,0,0,0,1,0,0,1,0,0,20820.0,92.09,2213.0,7.7025561132685825,0.920921825576141,2026.0,0.0
1086940,Baldur's Gate 3,0,1,1,1,0,0,0,0,0,0,0,0,0,1,0,1,1,0,0,0,0,0,1,0,0,0,1,0,0,0,1,1,0,0,0,0,0,0,0,0,0,0,0,0,0,0,1,0,0,0,1,0,0,1,1,1,66000.0,96.79,853662.0,13.657291781307139,0.9678701874980964,2023.0,3.0
359550,Tom Clancy's Rainbow Six Siege,1,0,0,0,0,0,0,0,0,0,0,0,0,0,1,1,0,1,1,0,0,0,1,0,0,1,1,1,0,0,0,0,0,0,1,0,1,0,0,1,0,0,0,0,0,1,0,0,1,0,0,0,0,1,1,1,0.0,82.2,1542568.0,14.248959766338194,0.8220221085877576,2015.0,11.0
2964090,World of Warships: Legends,1,0,0,1,1,0,0,0,0,0,0,0,0,0,1,1,0,0,0,0,0,0,1,0,1,1,0,0,0,0,0,0,0,0,1,0,1,0,0,0,0,0,0,0,0,1,0,0,1,0,0,0,1,0,1,1,0.0,63.75,629.0,6.4457198193855785,0.6375198728139905,2026.0,0.0
872410,ROMANCE OF THE THREE KINGDOMS XIV,0,0,0,0,1,0,0,0,0,0,0,0,0,1,0,0,0,0,0,0,0,0,0,0,1,0,1,0,0,0,1,0,0,0,0,0,0,0,0,0,0,0,0,0,0,1,1,0,1,0,0,0,0,1,0,0,64800.0,63.11,15914.0,9.675017339716193,0.6310795525951992,2020.0,6.0
1665460,"eFootball??""Simulation",0,0,0,1,0,0,1,0,0,0,0,0,0,0,0,0,0,0,0,0,0,0,0,0,0,0,0,0,0,0,0,0,0,0,0,0,0,0,0,0,0,0,0,0,0,0,0,0,0,0,0,0,0,0,1,1,56082.0,0.0,0.0,0.0,0.6592098838331649,2024.0,2.0
699130,World War Z,1,0,0,0,0,0,0,0,0,0,0,0,0,1,1,1,0,1,1,0,0,0,1,0,0,1,0,1,0,0,0,0,0,0,0,1,0,1,0,0,0,0,0,0,1,0,1,0,0,1,0,0,0,1,1,1,8700.0,82.48,32269.0,10.381893285046008,0.8248163872447241,2021.0,5.0
1941540,Mafia: The Old Country,1,1,0,0,0,0,0,0,0,0,0,0,0,1,1,0,1,0,0,1,1,0,0,0,0,1,0,0,0,0,0,1,0,0,0,1,1,0,0,0,0,0,0,0,0,0,0,0,0,0,0,0,0,1,0,0,36480.0,73.04,29494.0,10.291976036437175,0.7303858411880383,2025.0,1.0
219990,Grim Dawn,1,1,1,0,0,0,0,0,0,0,0,0,0,1,1,1,1,1,0,1,0,0,0,0,0,0,0,0,0,0,1,0,0,0,0,0,0,0,0,0,0,0,1,0,0,0,1,1,0,0,1,0,0,1,1,1,26500.0,93.5,109076.0,11.599809333831042,0.9349994499248231,2016.0,10.0
4800590,Supermarket Chaos,0,0,0,0,1,0,0,0,0,0,0,0,0,1,0,1,0,0,0,0,0,1,0,0,1,0,0,0,0,0,0,0,0,0,0,0,1,0,1,0,0,0,0,0,0,0,0,0,1,0,0,0,0,1,1,1,4900.0,93.2,2822.0,7.945555428253489,0.9319631467044649,2026.0,0.0
648800,Raft,0,1,0,0,1,0,0,0,0,0,0,0,0,1,1,1,1,1,1,0,1,1,1,1,1,0,1,0,1,0,0,0,0,0,0,0,0,0,0,0,0,0,0,1,0,0,0,1,0,0,0,1,0,1,1,1,21000.0,93.0,377249.0,12.840663376630095,0.9300302982910491,2022.0,4.0
364360,Total War: WARHAMMER,1,0,0,1,0,0,0,0,0,0,0,0,0,0,0,0,0,0,0,0,0,0,0,0,1,0,1,0,0,0,1,0,0,0,0,0,0,0,0,0,0,0,0,0,0,1,0,0,1,0,1,0,0,1,1,1,14950.0,78.51,52307.0,10.864904602026392,0.7850765671898599,2016.0,10.0
270880,American Truck Simulator,0,0,0,0,1,0,0,0,0,0,0,0,0,1,0,1,1,0,1,1,1,0,0,0,1,0,0,0,0,0,0,0,0,1,0,0,1,0,1,0,0,0,1,0,0,0,0,0,0,0,0,0,0,1,1,1,6200.0,96.92,195115.0,12.181349532474668,0.969187402301207,2016.0,10.0
3241660,R.E.P.O.,1,0,0,0,0,0,0,0,0,0,0,0,0,0,1,1,0,1,1,0,0,0,1,0,0,0,0,0,1,0,0,0,1,1,0,0,0,1,0,0,1,0,0,0,0,0,0,0,1,0,0,1,0,1,1,1,10700.0,96.03,418501.0,12.944436947872768,0.9602963911675241,2025.0,1.0
2688950,Planet Coaster 2,0,0,0,1,1,0,0,0,0,0,0,0,0,1,0,1,0,0,0,1,0,0,1,1,1,0,1,0,0,0,0,0,1,0,0,0,1,0,0,0,0,0,0,1,0,0,0,0,1,0,0,0,0,1,0,0,21200.0,74.0,14344.0,9.571156728415465,0.7399609592861126,2024.0,2.0
3751950,Assassin's Creed Black Flag Resynced,1,1,0,0,0,0,0,0,0,0,0,0,0,1,1,0,1,0,0,0,1,0,0,0,0,0,0,0,0,0,0,0,0,1,0,1,0,0,0,0,0,0,0,0,0,0,0,0,1,0,0,0,0,1,0,0,69000.0,80.06,28304.0,10.25079374647076,0.8005582249858677,2026.0,0.0
322330,Don't Starve Together,1,1,1,1,1,0,0,0,0,0,0,0,0,1,1,1,1,1,0,1,1,1,1,1,0,0,1,0,1,0,0,0,1,0,0,0,0,1,0,1,0,1,0,0,0,0,0,1,0,0,0,0,0,1,1,1,15500.0,94.92,541626.0,13.20233285162713,0.9492361888092521,2016.0,10.0
394360,Hearts of Iron IV,0,0,0,1,1,0,0,0,0,0,0,0,0,1,1,1,0,1,0,0,1,0,0,1,1,0,1,0,0,0,0,0,0,0,0,0,0,0,0,0,0,0,0,0,0,1,0,0,0,0,0,0,0,1,1,1,55000.0,90.03,374772.0,12.834075788331022,0.9002566894004889,2016.0,10.0
1943950,Escape the Backrooms,1,0,0,0,0,0,0,0,0,0,0,0,0,1,1,1,1,1,1,0,0,1,1,0,0,0,0,0,0,0,0,0,0,1,0,0,0,1,1,0,0,0,0,0,0,0,0,0,1,0,0,1,0,1,1,1,10500.0,89.9,161653.0,11.993213527666486,0.8989749648939395,2025.0,1.0
2081880,Kathana,0,0,1,0,0,0,0,0,0,0,0,0,0,0,0,1,0,0,0,0,0,0,0,0,0,0,0,0,0,0,1,0,0,0,1,1,0,0,0,0,0,0,0,0,0,0,1,0,1,0,1,1,0,0,1,1,0.0,74.61,583.0,6.369900982828227,0.7461406518010292,2025.0,1.0
766570,Russian Fishing 4,0,1,1,1,1,0,1,0,0,0,0,0,1,1,0,1,1,0,1,1,1,0,0,0,1,0,0,0,1,0,1,0,0,0,0,0,1,0,1,0,0,0,0,0,0,0,0,1,0,0,0,0,1,1,1,0,0.0,60.3,89521.0,11.402239684112471,0.603042861451503,2021.0,5.0
1940340,Darkest Dungeon짰 II,0,0,1,1,0,0,0,0,0,0,0,0,0,1,0,0,0,0,0,0,0,0,0,0,0,0,0,0,0,0,1,1,0,0,0,0,0,0,0,0,0,1,0,0,0,0,0,0,0,0,0,0,0,1,0,0,13020.0,74.73,26653.0,10.190694512139672,0.747270476119011,2023.0,3.0
1282270,Strinova,1,0,0,0,0,0,0,0,0,0,0,0,0,0,1,1,0,1,0,0,0,0,1,0,0,1,0,1,0,0,0,0,0,0,1,1,0,0,1,0,0,1,0,0,0,0,0,0,1,0,0,0,1,0,1,1,0.0,74.36,30562.0,10.327545406001606,0.7436031673319808,2024.0,2.0
2001120,Split Fiction,1,1,0,0,0,0,0,0,0,0,0,0,0,0,1,1,1,1,0,0,0,0,1,0,0,0,0,0,0,0,0,1,1,0,0,1,0,0,0,0,1,0,0,0,0,0,0,0,0,0,1,0,0,0,1,1,56000.0,96.95,125736.0,11.741947702896264,0.9694836800916206,2025.0,1.0
438100,VRChat,0,1,0,1,1,0,1,0,0,0,0,0,1,0,1,1,1,0,1,1,1,0,0,1,1,0,0,0,0,0,0,0,1,0,0,0,0,0,1,0,0,0,0,0,0,0,0,0,0,0,0,1,1,0,1,1,0.0,75.17,267511.0,12.49691970412511,0.7517335735726756,2017.0,9.0
1407200,World of Tanks,1,0,0,0,1,0,0,0,0,0,0,0,0,0,1,1,0,0,0,0,0,0,0,0,0,1,1,0,0,0,0,0,0,0,1,1,1,0,0,0,0,0,0,0,0,1,0,0,1,0,0,0,1,0,1,0,0.0,79.88,100491.0,11.517833401322811,0.7987979022997085,2021.0,5.0
2062430,BALL x PIT,1,0,0,0,0,0,0,0,0,0,0,0,0,1,1,0,0,0,0,0,0,1,0,0,0,0,0,0,0,0,0,0,0,0,0,0,0,0,0,0,0,1,0,1,0,0,0,1,0,0,0,0,0,1,0,0,10890.0,95.25,26564.0,10.187349838885044,0.9524920945640717,2025.0,1.0
2141910,Magic: The Gathering Arena,0,0,0,1,0,0,0,0,0,0,0,0,0,1,0,1,0,0,0,0,0,0,0,0,0,0,1,0,0,0,0,0,0,0,1,0,0,0,0,0,0,0,0,0,0,1,0,0,0,0,1,0,1,0,1,0,0.0,61.16,30954.0,10.340289815953332,0.6116495444853653,2023.0,3.0
2622000,Astral Party,0,0,1,1,0,0,0,0,0,0,0,0,1,0,0,1,0,0,0,0,0,1,0,0,0,0,1,0,0,0,1,0,1,0,1,0,0,0,1,0,0,0,0,0,0,0,0,0,0,0,0,0,1,0,1,1,0.0,54.56,21183.0,9.961001458736735,0.5455790020299297,2024.0,2.0
3059520,F1짰 25,0,0,0,1,0,0,1,1,0,0,0,0,0,1,0,1,0,1,0,0,0,0,1,0,1,0,0,0,0,0,0,0,0,0,1,0,1,0,0,0,0,0,0,0,0,0,0,0,0,0,0,0,0,1,1,1,56000.0,87.09,28324.0,10.251500085896208,0.8708868803841265,2025.0,1.0
376210,The Isle,1,1,0,0,1,0,0,0,0,0,0,0,0,0,1,1,1,1,0,0,1,1,0,1,1,0,1,0,1,0,1,0,0,0,0,1,1,1,0,0,0,0,0,0,0,0,0,0,0,0,0,1,0,0,1,0,21500.0,80.14,118742.0,11.684716772791003,0.8014266224250897,2015.0,11.0
1040200,Crime Scene Cleaner,1,0,0,0,1,0,0,0,0,0,0,0,0,1,1,0,1,0,1,1,0,1,0,0,1,0,0,0,0,0,0,0,1,1,0,0,1,0,0,0,0,0,0,0,1,0,0,0,0,1,0,0,0,1,0,0,22630.0,98.1,33935.0,10.432231676804463,0.9809636068955356,2024.0,2.0
2288150,ROMANCE OF THE THREE KINGDOMS 8 REMAKE,0,0,0,1,1,0,0,0,0,0,0,0,0,1,0,0,0,0,0,0,0,0,0,0,1,0,1,0,0,0,0,1,0,0,0,0,0,0,0,0,0,0,0,0,0,1,1,0,0,0,0,0,0,1,0,0,69800.0,49.77,3928.0,8.27614021955846,0.4977087576374745,2024.0,2.0
440,Team Fortress 2,1,0,0,0,0,0,0,0,0,0,0,0,0,0,1,1,0,1,1,0,0,0,1,0,0,1,0,1,0,0,0,0,1,0,0,0,0,0,0,0,0,0,0,0,0,1,0,1,0,0,0,0,1,0,1,0,0.0,91.02,1247360.0,14.036540677554132,0.9102055541303232,2007.0,19.0
2185060,Two Point Museum,0,0,0,1,1,0,0,0,0,0,0,0,1,1,0,0,0,0,0,0,0,0,0,1,1,0,1,0,0,0,0,0,1,1,0,0,0,0,1,0,1,0,0,1,0,0,0,0,0,0,0,0,0,1,0,0,25460.0,95.39,13137.0,9.483264073452418,0.9538707467458324,2025.0,1.0
2661300,Grounded 2,1,1,0,0,0,0,0,0,0,0,0,0,0,1,1,1,1,1,1,0,1,0,1,1,0,0,0,0,1,0,1,0,0,1,0,1,0,1,0,0,0,0,0,0,0,0,0,1,0,0,0,1,0,1,1,1,34800.0,80.9,23474.0,10.063691304076464,0.8090227485728891,2025.0,1.0
1426210,It Takes Two,1,1,0,0,0,0,0,0,0,0,0,0,0,0,1,1,1,1,0,1,0,0,1,0,0,0,0,0,0,0,0,1,0,1,0,0,0,0,0,0,0,0,0,0,0,0,0,0,0,0,0,0,0,0,1,1,44000.0,95.43,268139.0,12.499264511155552,0.9542587986081845,2021.0,5.0
3405690,EA SPORTS FC??26,0,0,0,1,1,0,1,0,0,0,0,0,0,1,0,1,0,1,1,0,0,0,1,0,1,0,0,0,0,0,0,0,0,0,1,0,1,0,0,0,0,0,0,0,0,0,1,0,0,0,0,0,0,1,1,1,22000.0,50.42,102083.0,11.533551282763884,0.5041583809253255,2025.0,1.0
252490,Rust,1,1,1,0,0,0,0,0,0,0,0,0,0,0,1,1,1,1,1,0,1,1,1,1,1,1,0,1,1,0,0,0,0,0,1,0,0,0,0,0,0,0,0,1,0,0,0,1,0,0,0,1,0,0,1,1,42000.0,86.77,1392236.0,14.146422364004838,0.867734349636125,2018.0,8.0
3950020,Duet Night Abyss,1,0,1,0,0,0,0,0,0,0,0,0,0,1,1,0,0,1,0,0,1,0,1,0,0,1,0,0,0,0,1,1,0,1,0,1,0,0,0,0,0,0,0,0,0,0,0,0,1,0,1,0,1,0,1,1,0.0,57.06,2089.0,7.644919344958857,0.5706079463858306,2026.0,0.0
2712460,DUNGEON SLASHER,1,1,0,0,0,0,0,0,0,0,0,0,0,1,1,0,1,0,0,0,0,1,0,0,0,0,0,0,0,0,1,0,0,0,0,0,0,0,0,0,0,1,0,0,0,0,0,0,0,0,0,0,1,1,0,0,0.0,70.04,227.0,5.429345628954441,0.7004405286343612,2026.0,0.0
977950,A Dance of Fire and Ice,1,0,0,0,0,1,0,0,0,0,0,0,1,1,1,1,0,1,0,1,0,1,0,0,0,0,0,1,0,1,0,0,0,0,0,0,0,0,1,1,0,1,0,0,0,0,0,0,0,0,1,0,0,1,0,0,6500.0,94.07,83114.0,11.32798046996956,0.9407079433067834,2019.0,7.0
2879840,Escape Simulator 2,0,1,0,0,1,0,0,0,0,0,0,0,1,1,0,0,1,1,1,1,0,1,1,0,1,0,0,0,0,0,0,0,0,1,0,0,0,0,1,0,0,0,0,0,0,0,1,0,0,0,0,0,0,1,1,1,19900.0,92.13,4574.0,8.428361977709622,0.9212942719720157,2025.0,1.0
3729550,Stackmon,0,1,0,1,0,0,0,0,0,0,0,0,0,1,0,0,1,0,0,0,0,1,0,0,1,0,1,0,0,0,0,0,0,1,0,0,0,0,0,0,0,1,0,1,0,0,0,1,0,0,0,0,0,1,0,0,12710.0,85.47,117.0,4.770684624465665,0.8547008547008547,2026.0,0.0
594650,Hunt: Showdown 1896,1,0,0,0,0,0,0,0,0,0,0,0,0,0,0,0,0,0,0,0,0,0,0,0,0,0,0,0,0,0,0,0,0,0,0,0,0,0,0,0,0,0,0,0,1,0,0,0,0,0,0,0,0,0,1,1,36700.0,73.71,277115.0,12.532191470071895,0.7371271854645184,2019.0,7.0
2827200,MIMESIS,1,1,0,0,0,0,0,0,0,0,0,0,1,0,1,0,0,0,1,1,0,1,1,0,0,0,0,0,0,0,0,0,1,1,1,0,0,1,1,0,1,0,0,0,0,0,0,0,0,0,0,1,0,0,1,1,11000.0,84.49,10232.0,9.233373071086755,0.8448983580922595,2025.0,1.0
1374490,RuneScape: Dragonwilds,1,1,1,0,0,0,0,0,0,0,0,0,0,1,1,1,1,1,0,0,1,0,1,1,0,0,0,0,1,0,1,0,0,1,0,1,0,0,0,0,0,0,0,1,0,0,0,1,0,0,1,1,0,1,1,1,32000.0,81.25,29044.0,10.276601630426633,0.812491392370197,2025.0,1.0
1669000,Age of Wonders 4,0,0,1,1,0,0,0,0,0,0,0,0,0,1,0,1,0,1,0,0,0,0,0,0,1,0,1,0,0,0,1,0,0,1,0,0,0,0,0,0,0,0,1,0,0,1,1,0,0,0,1,0,0,1,1,1,55000.0,81.32,22913.0,10.03950335645357,0.8131628333260594,2023.0,3.0
2567870,Chained Together,0,1,0,0,1,0,0,0,0,0,0,0,1,0,0,1,1,1,0,0,0,0,1,0,1,0,0,0,0,0,0,0,1,1,0,1,0,0,1,0,0,0,0,0,0,0,0,0,0,0,0,0,0,1,1,1,5600.0,89.82,63404.0,11.057298001669,0.8981609993060374,2024.0,2.0
949230,Cities: Skylines II,0,0,0,0,1,0,0,0,0,0,0,0,0,1,0,0,0,0,0,1,1,0,0,1,1,0,1,0,0,1,0,0,0,0,0,0,1,0,1,0,0,0,1,1,0,0,0,0,0,0,0,1,0,1,0,0,55000.0,55.63,91627.0,11.425492180808465,0.5562770799000295,2023.0,3.0
1099410,A Total War Saga: TROY,1,0,0,1,1,0,0,0,0,0,0,0,0,1,1,1,1,1,0,0,0,0,0,1,1,0,1,0,0,0,0,0,0,0,0,0,0,0,0,0,0,0,0,0,0,0,0,0,0,1,1,0,0,1,1,1,7960.0,71.5,3762.0,8.232971790593437,0.7150451887293993,2021.0,5.0
2764460,Sandustry,0,0,0,1,1,0,0,0,0,0,0,0,0,1,1,0,1,0,0,1,1,1,0,1,1,0,1,0,1,0,1,0,0,1,0,0,0,0,0,0,0,0,0,1,0,0,0,1,0,0,0,1,0,1,0,0,9680.0,97.44,2346.0,7.760893195851024,0.9744245524296675,2026.0,0.0
1671210,DELTARUNE,0,0,1,0,0,0,0,0,0,0,0,0,0,1,0,0,0,0,0,0,0,0,0,0,0,0,0,0,0,1,1,1,1,0,0,0,0,0,0,0,0,1,0,0,0,0,0,0,0,0,1,0,0,1,0,0,29800.0,98.11,131354.0,11.785658860624434,0.9810588181555187,2025.0,1.0
2349820,Hero's Land,1,1,1,0,0,0,0,0,0,0,0,0,0,0,1,0,0,0,0,0,1,0,0,0,0,0,0,0,1,0,1,0,0,1,1,0,0,0,0,0,0,0,0,1,0,0,0,0,0,0,0,0,1,0,1,0,0.0,54.53,45655.0,10.728890312216544,0.5452852918628847,2023.0,3.0
3985950,R.I.P. - Reincarnation Insurance Program,1,1,0,0,0,0,0,0,0,0,0,0,1,0,1,0,1,0,0,0,0,0,0,0,0,0,0,0,0,0,0,0,0,0,0,0,0,0,1,0,1,0,0,0,0,0,0,0,1,0,0,1,0,1,0,0,18600.0,76.67,2747.0,7.91862865334224,0.766654532216964,2026.0,0.0
3282300,Mistfall Hunter,1,1,0,0,0,0,0,0,0,0,0,0,0,0,1,1,0,0,0,0,0,0,1,0,0,0,0,0,1,0,0,0,0,0,1,1,0,0,0,0,0,0,0,0,0,0,0,0,1,0,1,0,0,0,1,1,26500.0,57.92,14248.0,9.564442007795789,0.5791690061763054,2026.0,0.0
255710,Cities: Skylines,0,0,0,1,1,0,0,0,0,0,0,0,0,1,1,0,0,0,0,0,0,0,0,1,1,0,1,0,0,1,0,0,1,0,0,0,1,0,1,0,0,0,1,1,0,0,0,0,0,0,0,0,0,1,0,0,9900.0,92.88,291416.0,12.582510510094433,0.9288028111016554,2015.0,11.0
427520,Factorio,0,0,0,1,1,0,0,0,0,0,0,0,1,1,0,1,0,1,0,0,1,1,0,1,1,0,1,0,1,0,0,0,0,0,0,0,0,0,0,0,0,1,1,1,0,0,0,1,0,0,0,0,0,1,1,1,40000.0,97.51,233562.0,12.361207126980164,0.9751415041830435,2020.0,6.0
2344520,Diablo짰 IV,1,1,1,0,0,0,0,0,0,0,0,0,1,0,0,0,0,0,0,0,0,0,0,0,0,0,0,0,0,0,0,0,0,0,0,0,0,0,0,0,0,0,0,0,1,0,0,0,0,0,0,0,0,1,1,1,62400.0,65.18,74780.0,11.2223191210012,0.651818668093073,2023.0,3.0
2399830,ARK: Survival Ascended,1,1,1,0,0,0,0,0,0,0,0,0,0,1,1,1,1,0,0,0,1,0,0,1,0,0,0,0,1,0,1,0,0,0,1,0,0,0,0,0,1,0,0,1,0,0,1,1,0,0,1,1,0,1,1,1,61000.0,59.94,115485.0,11.65690458947599,0.5993765424081049,2023.0,3.0
1243830,Overcooked! All You Can Eat,0,0,0,1,1,0,0,0,0,0,0,0,1,1,0,1,0,1,0,0,0,1,1,0,1,0,1,0,0,0,0,0,1,0,1,0,0,0,1,0,0,0,0,0,0,0,0,0,0,0,0,0,0,1,1,1,12300.0,72.93,8132.0,9.003685138166775,0.7293408755533693,2021.0,5.0
3837350,Staffer Retro : A Supernatural Mystery Quest,0,1,0,0,0,0,0,0,0,0,0,0,0,1,0,0,1,0,0,1,0,0,0,0,1,0,0,0,0,0,0,1,0,0,0,0,0,0,1,0,0,1,0,0,0,0,0,0,0,0,0,0,0,1,0,0,32000.0,90.22,1043.0,6.950814768442584,0.9022051773729626,2026.0,0.0
2737070,Crime Simulator,1,0,0,0,1,0,0,0,0,0,0,0,0,1,1,1,0,1,1,0,0,1,1,0,1,0,0,1,0,0,0,0,1,0,0,0,1,0,0,0,0,0,0,0,0,0,0,0,0,0,0,0,0,1,1,1,8800.0,82.83,6919.0,8.842171048611716,0.8282988871224165,2025.0,1.0
2699230,Grim Dawn - Fangs of Asterkarn,1,1,1,0,0,0,0,0,0,0,0,0,0,1,1,1,1,1,0,1,0,0,0,0,0,0,0,0,0,0,1,0,0,0,0,0,0,0,0,0,0,0,1,0,0,0,1,1,0,0,1,0,0,1,1,1,20000.0,71.54,1237.0,7.121252453244542,0.7154405820533549,2026.0,0.0
551170,Onmyoji,0,1,1,1,0,0,0,0,0,0,0,0,0,0,0,1,1,0,0,0,0,0,0,0,0,0,1,0,0,0,1,0,0,0,1,0,0,0,1,0,0,0,0,0,0,0,0,0,0,0,1,1,1,0,1,0,0.0,81.92,3092.0,8.03689677268507,0.8192108667529108,2018.0,8.0
107410,Arma 3,1,0,0,1,1,0,0,0,0,0,0,0,0,1,1,1,0,1,1,0,1,0,1,1,1,1,1,1,0,0,0,0,0,0,0,0,1,0,0,0,0,0,1,0,0,1,0,0,0,0,0,0,0,1,1,1,36000.0,90.42,294785.0,12.594004948346033,0.9041945824923249,2013.0,13.0
2141730,Backrooms: Escape Together,1,1,0,0,0,0,0,0,0,0,0,0,1,1,1,1,1,1,1,1,0,0,1,0,0,0,0,0,0,0,0,0,0,1,0,0,1,1,1,0,1,0,0,0,0,0,0,0,1,0,0,1,0,1,1,1,11000.0,88.72,48243.0,10.784026746703134,0.8872167982919802,2022.0,4.0
1174180,Red Dead Redemption 2,1,1,0,0,0,0,0,0,0,0,0,0,0,1,1,1,1,0,1,1,1,0,0,1,0,1,0,1,0,1,0,1,0,0,0,1,1,0,0,0,0,0,0,0,1,0,0,0,0,0,0,0,0,1,1,1,73000.0,92.45,908554.0,13.719610704336509,0.9245218225884207,2019.0,7.0
552990,World of Warships,1,0,0,1,1,0,0,0,0,0,0,0,0,0,1,1,0,1,0,0,0,0,1,0,1,1,0,0,0,0,0,0,0,0,1,0,1,0,0,0,0,0,0,0,0,0,0,0,1,0,0,0,1,0,1,1,0.0,76.42,156089.0,11.95818804295246,0.7641537840590945,2017.0,9.0
753420,Dungreed,1,0,0,0,0,0,0,0,0,0,0,0,0,1,1,1,1,0,0,0,0,1,0,0,0,0,0,0,0,1,1,0,0,0,0,0,0,0,0,1,0,1,0,0,0,0,0,0,0,0,0,0,0,1,0,0,10500.0,93.3,9583.0,9.16785032035523,0.9330063654387979,2018.0,8.0
2073620,Arena Breakout: Infinite,1,1,1,1,0,0,0,0,0,0,0,0,0,0,1,1,1,0,1,0,0,0,0,0,0,1,0,1,1,0,0,0,0,0,0,0,1,0,0,0,0,0,0,0,0,1,0,0,1,0,0,0,1,0,1,1,0.0,73.92,74722.0,11.221543221989673,0.7392066593506598,2025.0,1.0
3551410,Football Manager 26 In-Game Editor,0,0,0,1,1,0,1,0,0,0,0,0,0,1,0,1,0,0,0,0,0,0,0,0,1,0,1,0,0,0,0,0,0,0,0,0,0,0,0,0,0,0,0,0,0,0,0,0,0,0,0,0,0,1,1,0,10800.0,8.77,1266.0,7.144407180321139,0.08767772511848342,2025.0,1.0
1966720,Lethal Company,1,1,0,0,0,0,0,0,0,0,0,0,0,0,1,0,1,1,1,1,0,0,1,0,0,0,0,0,0,0,0,0,1,1,0,0,0,1,0,0,1,0,0,0,0,0,0,0,0,0,0,1,0,1,1,1,11000.0,96.97,510387.0,13.142926499764544,0.9696837889679792,2023.0,3.0
2928600,Demon Slayer -Kimetsu no Yaiba- The Hinokami Chronicles 2,1,1,0,0,0,0,0,0,0,0,0,0,0,1,1,1,1,0,0,0,0,0,1,0,0,0,0,0,0,0,0,0,0,0,1,0,0,0,0,0,0,0,0,0,0,0,1,0,0,0,0,0,0,1,1,0,34900.0,82.84,3614.0,8.192847134592865,0.8284449363586054,2025.0,1.0
2186680,"Warhammer 40,000: Rogue Trader",1,1,1,1,0,0,0,0,0,0,0,0,0,1,1,1,1,1,0,1,0,0,0,0,0,0,1,0,0,0,1,1,0,0,0,0,0,0,0,0,1,0,0,0,0,0,1,0,0,0,1,0,0,1,1,1,53000.0,87.78,47405.0,10.766504081950789,0.8777555110220441,2023.0,3.0
1627720,Lies of P,1,1,1,0,0,0,0,0,0,0,0,0,0,0,0,0,0,0,0,0,0,0,0,0,0,0,0,0,0,0,0,0,0,0,0,0,0,0,0,0,0,0,0,0,0,0,0,0,0,1,0,0,0,1,0,0,64800.0,91.69,81416.0,11.307339375394353,0.9168590940355704,2023.0,3.0
2456740,inZOI,0,1,0,0,1,0,0,0,0,0,0,0,1,1,0,0,0,0,0,0,0,0,0,1,1,0,0,0,0,0,0,0,0,0,0,0,1,0,1,0,0,0,1,1,0,0,1,0,0,0,0,1,0,1,0,0,44800.0,77.17,32404.0,10.386068010861816,0.7717257128749537,2025.0,1.0
477160,Human Fall Flat,0,1,0,0,1,0,0,0,0,0,0,0,1,1,1,1,1,1,0,0,1,1,0,1,1,0,0,0,0,0,0,0,1,0,0,0,0,0,1,0,0,0,0,0,0,0,0,0,0,0,0,0,0,1,1,1,20500.0,94.63,226469.0,12.33036776480178,0.9462796232596956,2016.0,10.0
1984270,Digimon Story Time Stranger,0,0,1,0,0,0,0,0,0,0,0,0,0,1,0,0,0,0,0,0,0,0,0,0,0,0,0,0,0,0,1,1,0,0,0,0,0,0,0,0,0,0,0,0,0,0,1,0,1,0,1,0,0,1,0,0,69800.0,89.48,22330.0,10.013731126634887,0.8948499776085983,2025.0,1.0
2966320,Starsand Island,0,0,1,0,1,0,0,0,0,0,0,0,1,1,0,0,0,0,0,1,0,0,0,1,1,0,0,0,0,0,1,0,0,1,0,0,0,0,1,0,0,0,0,1,0,0,0,1,1,0,0,0,0,1,1,0,33600.0,80.81,6634.0,8.800113946766308,0.8081097377148025,2026.0,0.0
2239150,Thronefall,1,0,0,1,0,0,0,0,0,0,0,0,0,1,1,1,0,0,0,0,0,1,0,0,0,0,1,0,0,0,0,0,0,0,0,0,0,0,0,0,0,0,0,1,0,0,0,0,1,0,1,0,0,1,0,0,9420.0,96.15,23500.0,10.064798252418377,0.961531914893617,2024.0,2.0
1203620,Enshrouded,1,1,1,0,0,0,0,0,0,0,0,0,0,1,1,1,1,0,0,0,1,1,1,1,0,0,0,0,1,0,1,0,0,1,0,0,0,0,0,0,0,0,0,1,0,0,1,1,1,0,1,1,0,1,1,1,31000.0,85.8,104614.0,11.558042223773352,0.8580400328827882,2024.0,2.0
4380490,Cat Mail Co.,0,0,0,0,1,0,0,0,0,0,0,0,0,1,0,1,0,1,1,1,0,0,1,0,1,0,0,0,0,0,0,0,0,0,0,0,0,0,0,0,0,0,0,0,0,0,0,1,1,0,0,0,0,1,1,1,11000.0,91.8,6049.0,8.707813551024888,0.9180029756984626,2026.0,0.0
1435790,Escape Simulator,0,1,0,0,1,0,0,0,0,0,0,0,1,1,0,1,1,1,1,0,0,1,1,0,1,0,0,0,0,0,0,1,0,1,0,0,0,0,1,0,0,0,0,0,0,0,0,0,0,0,0,0,0,1,1,1,19900.0,93.88,19310.0,9.868430160720726,0.9388399792853444,2021.0,5.0
3022790,RimWorld - Odyssey,0,0,0,1,1,0,0,0,0,0,0,0,0,1,0,0,0,0,0,1,1,1,0,1,1,0,1,0,1,0,0,1,0,0,0,0,0,0,0,0,1,1,1,1,0,0,0,0,0,0,0,0,0,1,0,0,27000.0,89.71,3313.0,8.105911197986508,0.8970721400543314,2025.0,1.0
105600,Terraria,1,1,1,0,0,0,0,0,0,0,0,0,0,1,1,1,1,1,0,1,1,1,1,1,0,0,0,0,1,0,1,0,0,1,0,0,0,0,0,0,0,1,0,1,0,0,0,1,0,0,0,0,0,1,1,1,11000.0,97.38,1546236.0,14.251334795216144,0.973778258946241,2011.0,15.0
2429640,Throne and Liberty,1,1,1,0,0,0,0,0,0,0,0,0,0,0,1,1,1,1,0,0,1,0,1,0,0,0,0,0,0,0,1,0,0,1,1,1,0,0,0,0,0,0,0,0,0,0,1,1,0,0,1,0,1,0,1,1,0.0,67.1,68724.0,11.137868313033447,0.6709737500727548,2024.0,2.0
703080,Planet Zoo,0,0,0,1,1,0,0,0,0,0,0,0,1,1,0,1,0,0,0,0,1,0,0,1,1,0,1,0,0,1,0,0,0,0,0,0,1,0,1,0,0,0,0,1,0,0,0,0,0,0,0,0,0,1,0,0,13800.0,90.99,97322.0,11.485790622562911,0.9099381434824603,2019.0,7.0
3840050,Cult of the Lamb: Woolhaven,1,1,0,1,0,0,0,0,0,0,0,0,0,1,1,0,1,0,0,0,0,0,0,0,0,0,1,0,0,0,0,0,1,0,0,1,0,0,0,0,0,1,0,1,0,0,1,0,0,0,1,0,0,1,1,1,14800.0,92.89,1323.0,7.188412736496954,0.9289493575207861,2026.0,0.0
1562430,DREDGE,0,1,1,0,0,0,0,0,0,0,0,0,0,1,0,0,1,0,0,1,1,1,0,0,1,0,0,0,0,0,1,1,0,1,0,0,0,1,0,0,0,0,0,0,0,0,0,0,1,0,0,0,0,1,0,0,11120.0,95.82,56321.0,10.938840501565046,0.9582216224853962,2023.0,3.0
1611600,WARNO,1,0,0,1,1,0,0,0,0,0,0,0,0,0,0,1,0,1,0,0,0,0,0,0,1,0,1,0,0,0,0,0,0,0,1,0,1,0,0,0,0,0,1,0,0,1,0,0,0,0,0,0,0,1,1,1,17600.0,79.81,15963.0,9.678091466168624,0.7980955960659024,2024.0,2.0
4651220,Conqueror's Blade: Three Kingdoms,1,0,1,1,0,0,0,0,0,0,0,0,0,0,1,0,0,0,0,0,1,0,0,1,0,0,1,0,0,0,1,0,0,1,1,1,0,0,0,0,0,0,0,0,0,1,0,0,1,0,0,0,1,0,1,1,0.0,15.89,2353.0,7.763871287820222,0.15894602634934127,2026.0,0.0
2379740,Wizardry Variants Daphne,0,0,1,0,0,0,0,0,0,0,0,0,0,1,0,0,0,0,1,0,0,0,0,0,0,0,0,0,0,0,1,0,0,1,0,0,1,0,0,0,0,0,0,0,0,0,1,0,1,0,1,0,0,1,0,0,0.0,57.19,3775.0,8.236420527265391,0.5719205298013245,2025.0,1.0
1826140,RimWorld - Biotech,0,0,0,1,1,0,0,0,0,0,0,0,0,1,0,0,0,0,0,1,1,1,0,1,1,0,1,0,1,0,0,1,0,0,0,0,0,0,0,0,1,1,1,1,0,0,0,0,0,0,0,0,0,1,0,0,27000.0,93.42,3330.0,8.11102783819368,0.9342342342342342,2022.0,4.0
3139440,GunZ: The Duel,1,0,0,0,0,0,0,0,0,0,0,0,1,0,1,1,0,0,0,1,0,0,0,0,0,0,0,0,0,0,0,0,0,0,1,1,0,0,1,1,0,0,0,0,0,0,0,0,0,0,0,0,1,1,1,1,0.0,43.18,1357.0,7.213768308118642,0.4318349299926308,2026.0,0.0
2927200,Mount & Blade II: Bannerlord - War Sails,1,0,1,1,1,0,0,0,0,0,0,0,0,0,0,0,0,0,0,0,0,0,0,0,0,0,0,0,0,0,0,0,0,0,0,0,0,0,0,0,0,0,0,0,0,0,0,0,0,1,0,0,0,1,0,0,35900.0,44.81,5669.0,8.642944396721798,0.4480508026106897,2025.0,1.0
739630,Phasmophobia,1,0,0,0,0,0,0,0,0,0,0,0,0,1,1,1,0,1,1,0,0,1,1,0,0,0,0,0,0,0,0,0,0,0,0,0,0,1,0,0,0,0,0,0,0,1,0,0,1,0,0,1,0,1,1,1,21500.0,94.39,837296.0,13.637934125240923,0.9439051422674897,2020.0,6.0
4125930,Punishing: Gray Raven,1,1,1,0,0,0,0,0,0,0,0,0,0,1,1,1,1,0,0,0,0,0,1,0,0,0,0,0,0,1,1,1,0,0,0,1,0,0,0,0,0,0,0,0,0,0,0,0,1,0,0,0,1,1,0,0,0.0,73.85,1472.0,7.29505641646263,0.7384510869565217,2026.0,0.0
4450620,GRAIN ROT,1,0,0,0,1,0,0,0,0,0,0,0,0,1,1,0,0,0,1,1,0,1,1,0,0,0,0,0,0,0,0,0,0,0,0,0,0,1,0,0,0,0,0,1,0,0,0,1,1,0,0,0,0,1,1,1,10530.0,88.91,1578.0,7.364547014255642,0.8891001267427123,2026.0,0.0
1260320,Party Animals,1,0,0,0,0,0,0,0,0,0,0,0,1,0,1,1,0,1,0,0,0,1,1,0,0,0,0,0,0,0,0,0,1,0,1,0,0,0,1,0,0,0,0,0,0,0,0,0,0,0,0,0,0,1,1,1,25900.0,79.8,78724.0,11.273716045969225,0.7979777450332808,2023.0,3.0
3072450,FAKEBOOK,0,1,0,0,1,0,0,0,0,0,0,0,1,1,0,0,1,0,0,1,0,1,0,0,1,0,0,0,0,0,0,1,0,1,0,0,0,1,1,0,0,0,0,0,0,0,0,0,0,0,0,0,0,1,0,0,16500.0,91.13,812.0,6.70073110954781,0.9113300492610837,2024.0,2.0
1539140,STONKS-9800: Stock Market Simulator,0,0,0,0,1,0,0,0,0,0,0,0,0,0,0,0,0,0,0,1,0,0,0,0,1,0,0,0,0,0,0,0,0,0,0,0,0,0,0,0,0,0,0,0,0,0,0,0,0,0,0,1,0,1,0,0,7700.0,95.45,3140.0,8.052296499538647,0.9544585987261146,2023.0,3.0
3844970,Burglin' Gnomes,1,1,0,0,0,0,0,0,0,0,0,0,0,0,1,1,1,1,1,1,0,0,0,0,0,0,0,0,0,0,0,0,1,1,0,0,0,1,0,0,0,0,0,0,0,0,0,1,1,0,0,0,0,1,1,1,10500.0,84.62,4948.0,8.506940814951886,0.8462004850444624,2026.0,0.0
3079210,Hell Let Loose: Vietnam,1,0,0,1,1,0,0,0,0,0,0,0,0,1,1,1,0,0,1,0,0,0,0,0,1,1,1,1,0,0,0,0,0,0,1,0,1,0,0,0,0,0,0,0,1,1,0,0,0,1,0,0,0,0,1,0,45920.0,59.65,8229.0,9.015541293671115,0.5965487908615871,2026.0,0.0
2963870,Metal Slug: Awakening,1,1,1,0,0,0,0,0,0,0,0,0,1,0,1,0,0,0,0,0,0,0,0,0,0,1,0,0,0,0,1,0,0,0,0,0,0,0,1,0,0,0,0,0,0,0,0,0,1,0,1,0,0,0,1,1,0.0,67.57,3651.0,8.20303024171486,0.6757052862229526,2024.0,2.0
2617700,Tinkerlands,1,1,1,1,1,0,0,0,0,0,0,0,1,1,1,1,1,1,0,0,1,1,1,1,0,0,1,0,1,0,1,0,0,1,0,0,0,0,0,0,0,1,0,1,0,0,0,1,0,0,0,1,0,1,1,1,9100.0,85.96,4075.0,8.312871394342615,0.8596319018404908,2025.0,1.0
3768760,007 First Light,1,1,0,0,0,0,0,0,0,0,0,0,0,1,1,0,1,0,0,1,0,0,0,0,0,1,0,0,0,0,0,1,0,1,0,1,0,0,0,0,0,0,0,0,0,0,0,0,1,0,0,0,0,1,0,0,79000.0,91.48,44145.0,10.695257601701156,0.9148261411258353,2026.0,0.0
4244510,Pratfall,1,1,0,0,0,0,0,0,0,0,0,0,0,0,1,1,1,1,1,1,0,0,1,0,0,0,0,1,1,0,0,0,1,1,0,0,0,0,0,0,0,0,0,0,0,0,1,0,0,0,0,0,0,1,1,1,8400.0,90.53,3040.0,8.019941687677365,0.9052631578947369,2026.0,0.0
728880,Overcooked! 2,1,0,0,0,0,0,0,0,0,0,0,0,1,1,1,1,0,1,0,0,0,1,1,0,1,0,1,0,0,0,0,0,1,0,0,0,0,0,1,1,0,0,0,0,0,0,0,0,0,0,0,0,0,1,1,1,26000.0,90.4,83867.0,11.33699941326513,0.9040385372077218,2018.0,8.0
1368140,Corsair Cove,0,0,0,1,1,0,0,0,0,0,0,0,0,1,0,0,0,0,0,0,1,0,0,1,1,0,1,0,1,0,0,0,0,0,0,0,0,0,0,0,0,0,1,1,0,0,0,0,0,0,0,0,0,1,0,0,39900.0,86.04,2916.0,7.978310969867722,0.8604252400548696,2026.0,0.0
3041230,Windrose,1,1,1,0,0,0,0,0,0,0,0,0,0,1,1,0,1,0,0,0,1,0,1,0,0,0,0,0,1,0,0,0,0,1,0,1,0,0,0,0,0,0,0,1,0,0,0,1,0,0,0,1,0,1,1,1,32000.0,87.03,51756.0,10.85431496768052,0.8702952314707474,2026.0,0.0
892970,Valheim,1,1,1,0,0,0,0,0,0,0,0,0,0,1,1,1,1,1,0,0,1,1,1,1,0,0,0,0,1,0,0,0,0,1,0,1,0,0,0,1,0,0,0,1,0,0,0,1,0,0,0,1,0,1,1,1,32000.0,93.99,540346.0,13.199966804758835,0.9398663078842076,2021.0,5.0
580100,Darkest Dungeon짰: The Crimson Court,0,0,1,1,0,0,0,0,0,0,0,0,0,1,0,0,0,0,0,0,0,1,0,0,0,0,1,0,0,0,1,0,0,0,0,0,0,0,1,1,0,0,0,0,0,0,0,0,0,0,0,0,0,1,0,0,5250.0,61.61,2365.0,7.768956044538332,0.6160676532769556,2017.0,9.0
3357650,PRAGMATA,1,1,0,0,0,0,0,0,0,0,0,0,0,1,1,0,1,0,0,0,0,0,0,0,0,0,0,0,0,0,0,1,1,0,0,1,1,0,0,0,1,0,0,0,0,0,0,0,1,0,0,0,0,1,0,0,69800.0,96.58,51568.0,10.850675995738127,0.9658121315544523,2026.0,0.0
2988580,Yakuza 0 Director's Cut,1,1,1,0,0,0,0,0,0,0,0,0,0,1,1,0,1,0,0,1,1,0,0,0,0,0,0,0,0,0,1,1,1,0,0,0,0,0,0,0,0,0,0,0,0,0,0,0,0,1,0,0,0,1,1,1,30140.0,80.92,1745.0,7.465082736399547,0.8091690544412607,2025.0,1.0
3167020,Escape From Duckov,1,1,1,0,0,0,0,0,0,0,0,0,0,0,1,0,1,0,0,0,0,1,0,0,0,1,0,0,1,0,1,0,1,1,0,0,0,0,0,0,0,0,0,0,0,0,0,0,0,0,0,0,0,1,0,0,16500.0,84.5,103923.0,11.551415141750752,0.8449910029541102,2025.0,1.0
1909950,SUPER ROBOT WARS Y,0,0,1,1,1,0,0,0,0,0,0,0,0,1,0,0,0,0,0,0,0,0,0,0,1,0,1,0,0,0,1,1,0,0,0,0,0,0,0,0,1,1,0,0,0,0,0,0,0,0,0,0,0,1,0,0,79800.0,82.68,2771.0,7.927324360309794,0.8267773367015517,2025.0,1.0
1296610,Peglin,0,0,1,1,0,0,0,0,0,0,0,0,1,1,0,0,0,0,0,0,0,1,0,0,0,0,1,0,0,0,1,0,0,0,0,0,0,0,1,0,0,1,0,0,0,0,0,0,0,0,1,1,0,1,0,0,12900.0,83.68,17609.0,9.776222201490253,0.8368447952751434,2024.0,2.0
2163330,Yet Another Zombie Survivors,1,0,1,0,0,0,0,0,0,0,0,0,1,1,1,0,0,0,0,0,0,1,0,0,0,0,0,0,1,0,0,0,0,0,0,0,0,0,1,0,0,0,0,0,0,0,0,0,1,0,0,1,0,1,0,0,16500.0,91.33,13682.0,9.52390946537981,0.9133167665545973,2023.0,3.0
286160,Tabletop Simulator,0,0,1,1,1,0,0,0,0,0,0,0,1,0,0,1,0,1,1,0,0,1,1,1,1,0,1,0,0,0,1,0,1,0,0,0,0,0,1,0,0,0,1,0,0,0,0,0,1,0,0,0,0,1,1,1,21500.0,95.94,74188.0,11.214371170187217,0.9594004421200194,2015.0,11.0
974480,Echoes of Mystralia,1,1,1,0,0,0,0,0,0,0,0,0,0,0,1,0,1,0,0,0,0,0,0,0,0,0,0,0,0,0,1,1,0,0,0,0,0,0,0,1,0,0,0,0,0,0,0,1,0,0,1,1,0,1,0,0,21000.0,80.38,474.0,6.163314804034641,0.8037974683544303,2026.0,0.0
2384580,DYNASTY WARRIORS: ORIGINS,1,0,1,1,0,0,0,0,0,0,0,0,0,1,1,0,0,0,0,0,0,0,0,0,0,0,1,0,0,0,1,1,0,0,0,1,0,0,0,0,0,0,0,0,0,1,0,0,1,0,0,0,0,1,0,0,79800.0,93.28,29982.0,10.30838583336139,0.9328263624841572,2025.0,1.0
346110,ARK: Survival Evolved,1,1,1,0,0,0,0,0,0,0,0,0,0,1,1,1,1,1,1,0,1,1,0,1,0,0,0,0,1,0,1,0,0,0,0,0,0,0,0,0,1,0,0,1,0,0,0,1,0,0,0,1,0,1,1,1,16500.0,83.33,775662.0,13.561473426488687,0.8333410686613499,2017.0,9.0
444200,World of Tanks Blitz,1,0,0,1,1,0,0,0,0,0,0,0,0,1,1,1,0,0,0,0,0,0,1,0,0,1,1,1,0,0,0,0,0,0,1,0,1,0,0,0,0,0,0,0,0,0,0,0,0,0,0,0,1,0,1,1,0.0,77.91,153168.0,11.93929716594368,0.7790987673665518,2016.0,10.0
3717070,WWE 2K26,0,0,0,1,1,0,1,0,0,0,0,0,0,0,0,1,0,0,0,0,0,0,0,1,1,0,0,0,0,0,0,0,0,0,0,0,0,0,0,0,0,0,0,0,0,0,1,0,0,0,0,0,0,1,1,1,79800.0,54.74,3122.0,8.046549357283078,0.5474055092889174,2026.0,0.0
1190000,Car Mechanic Simulator 2021,0,0,0,0,1,0,0,1,0,0,0,0,0,1,0,0,1,1,1,1,1,1,0,1,1,0,0,0,0,0,0,0,0,0,0,0,1,0,0,0,0,0,1,0,0,0,0,0,1,0,0,0,0,1,0,0,3510.0,95.7,38261.0,10.552212515543326,0.9570319646637568,2021.0,5.0
2835570,Buckshot Roulette,1,0,0,0,1,0,0,0,0,0,0,0,0,1,1,1,0,0,1,0,0,1,0,0,1,0,1,1,0,0,0,0,0,0,0,0,0,1,0,0,0,0,0,0,1,0,0,0,1,0,0,0,0,1,1,0,1700.0,95.18,124124.0,11.729044401347474,0.9517901453385325,2024.0,2.0
281990,Stellaris,0,0,0,1,1,0,0,0,0,0,0,0,0,1,0,1,0,0,0,1,0,0,0,1,1,0,1,0,0,1,0,0,0,1,0,0,0,0,0,0,1,0,1,0,0,0,0,0,0,0,0,0,0,1,1,0,55000.0,85.78,196742.0,12.189653587501878,0.8577985381870673,2016.0,10.0
568220,Lobotomy Corporation | Monster Management Simulation,0,0,0,0,1,0,0,0,0,0,0,0,0,1,0,0,0,0,0,1,0,1,0,0,1,0,1,0,0,1,0,1,0,0,0,0,0,1,0,1,0,1,0,0,1,0,0,0,0,0,0,0,0,1,0,0,26000.0,94.22,56533.0,10.94259750605513,0.9422107441671236,2018.0,8.0
1085660,Destiny 2,1,1,0,0,0,0,0,0,0,0,0,0,0,0,1,1,1,1,1,1,1,0,0,0,0,1,0,1,0,0,0,0,0,0,1,0,0,0,0,0,1,0,0,0,0,0,0,0,0,0,0,0,1,1,1,1,0.0,78.53,661174.0,13.401773834171841,0.7853136995707635,2019.0,7.0
1824060,Total War: WARHAMMER III - Champions of Chaos,1,0,0,1,0,0,0,0,0,0,0,0,0,0,1,0,0,0,0,0,0,0,0,0,0,0,1,0,0,0,0,0,0,0,0,0,0,0,0,0,0,0,0,0,0,0,0,0,0,1,0,0,0,1,1,1,8100.0,68.56,932.0,6.838405200847344,0.6856223175965666,2022.0,4.0
2444750,Shape of Dreams,1,1,1,0,0,0,0,0,0,0,0,0,0,0,1,1,0,1,0,0,0,0,1,0,0,0,0,0,0,0,1,0,0,0,0,0,0,0,0,0,0,0,0,0,0,0,0,0,1,0,1,0,0,1,1,1,27000.0,90.02,20147.0,9.91086030686554,0.900233285352658,2025.0,1.0
2000950,Call of Duty짰: Modern Warfare짰,1,0,0,0,0,0,0,0,0,0,0,0,0,1,1,1,0,1,1,0,0,0,1,0,0,1,0,1,0,0,0,1,0,0,1,0,1,0,0,0,0,0,0,0,1,1,0,0,0,1,0,0,0,1,1,1,83900.0,78.97,44577.0,10.704995742766139,0.7897346165062701,2023.0,3.0
3949040,RV There Yet?,1,1,0,0,0,0,0,0,0,0,0,0,0,1,1,1,1,1,1,1,0,1,1,0,0,0,0,0,0,0,0,0,1,1,0,0,0,0,1,0,0,0,0,0,0,0,1,0,1,0,0,0,0,1,1,1,8900.0,90.25,83497.0,11.332577958456282,0.902475538043283,2025.0,1.0
582010,Monster Hunter: World,1,0,0,0,0,0,0,0,0,0,0,0,0,1,1,1,1,1,0,1,1,0,0,0,0,0,0,0,0,1,1,0,0,1,0,1,0,0,0,1,0,0,0,0,0,0,1,0,0,0,1,0,0,1,1,1,36800.0,88.78,515586.0,13.15306133638563,0.8878383043759915,2018.0,8.0
1604030,V Rising,1,1,0,0,0,0,0,0,0,0,0,0,0,1,1,1,1,0,0,0,1,0,1,1,0,0,0,0,1,0,0,0,0,1,1,0,0,0,0,0,0,0,0,1,0,0,1,1,0,0,0,0,0,1,1,1,34500.0,88.96,136654.0,11.82521478051485,0.8895678136022364,2024.0,2.0
3105440,Heroes of Might and Magic: Olden Era,0,0,1,1,0,0,0,0,0,0,0,0,0,1,1,1,0,0,0,0,0,0,0,1,1,0,1,0,0,0,1,0,0,0,0,0,0,0,0,0,0,0,1,0,0,1,0,0,0,0,1,1,0,1,1,0,39900.0,87.19,21752.0,9.987506958039702,0.871919823464509,2026.0,0.0
3135200,Legacy of Defense,0,0,0,1,1,0,0,0,0,0,0,0,1,1,0,0,0,0,0,0,0,1,0,0,1,0,1,0,0,0,0,0,0,0,0,0,0,0,1,0,0,1,0,0,0,0,0,0,0,0,1,0,0,1,0,0,5340.0,75.53,519.0,6.253828811575473,0.7552986512524085,2026.0,0.0
1030840,Mafia: Definitive Edition,1,1,0,0,0,0,0,0,0,0,0,0,0,1,1,1,1,0,0,1,1,0,0,0,0,1,0,0,0,1,0,1,0,0,0,1,0,0,0,0,0,0,0,0,1,0,0,0,0,1,0,0,0,1,0,0,7200.0,86.87,109838.0,11.606770936248916,0.8686520147854112,2020.0,6.0
250900,The Binding of Isaac: Rebirth,1,0,0,0,0,0,0,0,0,0,0,0,0,1,1,0,0,1,0,1,0,1,0,0,0,0,0,0,0,1,0,0,0,0,0,0,0,1,0,1,0,1,0,0,1,0,0,0,0,0,0,0,0,1,1,0,15500.0,96.9,446683.0,13.009606688476202,0.9690250132644403,2014.0,12.0
2968420,PowerWash Simulator 2,0,0,0,0,1,0,0,0,0,0,0,0,1,1,0,1,0,1,1,1,0,0,1,1,1,0,0,0,0,0,0,0,1,0,0,0,1,0,1,0,0,0,0,0,0,0,0,0,1,0,0,0,0,1,1,1,27000.0,91.26,11664.0,9.36434818445553,0.9125514403292181,2025.0,1.0
3818020,Evil School,0,1,1,1,0,0,0,0,0,0,0,0,0,1,0,0,1,0,0,0,0,0,0,0,0,0,1,0,1,0,1,1,0,0,0,0,0,0,0,0,0,0,0,0,0,0,0,0,0,0,0,0,0,1,0,0,8910.0,93.11,842.0,6.736966958001855,0.9311163895486936,2026.0,0.0
2059190,Total War: WARHAMMER III - Forge of the Chaos Dwarfs,1,0,0,1,0,0,0,0,0,0,0,0,0,0,1,0,0,0,0,0,0,0,0,0,0,0,1,0,0,0,0,0,0,0,0,0,0,0,0,0,0,0,0,0,0,0,0,0,0,1,0,0,0,1,1,1,10000.0,63.89,3329.0,8.110727582974489,0.6389306097927305,2023.0,3.0
1863430,Dragonkin: The Banished,1,0,0,0,0,0,0,0,0,0,0,0,0,1,1,0,1,1,0,0,0,1,0,0,0,0,0,0,0,0,1,0,0,0,0,0,0,0,0,0,0,0,0,0,0,0,0,0,0,0,1,1,0,1,1,1,27000.0,73.84,2683.0,7.895063498091573,0.7383525903838987,2026.0,0.0
1875830,Shin Megami Tensei V: Vengeance,0,1,1,0,0,0,0,0,0,0,0,0,0,1,0,0,1,0,0,1,0,0,0,0,0,0,0,0,0,0,1,1,0,1,0,1,0,0,0,1,0,0,0,0,0,0,0,0,1,0,0,0,0,1,0,0,22440.0,91.77,12635.0,9.444305161921976,0.9176889592402058,2024.0,2.0
3717340,Yakuza Kiwami 2,1,1,1,0,0,0,0,0,0,0,0,0,0,0,0,0,0,0,0,0,0,0,0,0,0,0,0,0,0,0,0,0,0,0,0,0,1,0,0,0,0,0,0,0,0,0,0,0,0,1,0,0,0,1,1,0,19200.0,81.17,1312.0,7.180069874302796,0.8117378048780488,2025.0,1.0
3117820,Sultan's Game,0,1,1,1,1,0,0,0,0,0,0,0,0,1,0,0,1,0,0,0,0,0,0,0,1,0,1,0,0,0,1,1,0,0,0,0,0,0,0,0,0,0,0,0,0,0,0,0,0,0,0,0,0,1,0,0,21600.0,93.83,34857.0,10.459037945081628,0.9383194193418826,2025.0,1.0
3722330,Shift At Midnight,0,0,0,0,1,0,0,0,0,0,0,0,0,1,0,1,0,1,1,1,0,0,1,0,1,0,0,0,0,0,0,0,0,0,0,0,0,1,0,0,0,0,0,0,0,0,0,0,1,0,0,0,0,1,1,1,10500.0,87.98,9533.0,9.162619635764772,0.879786006503724,2026.0,0.0
3811390,WASD : The Adventure of Tori,0,1,0,0,0,0,0,0,0,0,0,0,1,0,0,1,1,1,0,0,0,1,1,0,0,0,0,0,0,0,0,0,0,0,0,0,0,0,1,1,0,1,0,0,0,0,0,0,0,0,0,1,0,0,1,1,2920.0,83.79,808.0,6.695798917058491,0.8378712871287128,2025.0,1.0
2584990,Shadowverse: Worlds Beyond,0,0,1,1,0,0,0,0,0,0,0,0,1,1,0,1,0,0,0,0,0,0,0,0,0,0,1,0,0,0,1,0,0,0,1,0,0,0,1,0,0,0,0,0,0,0,1,0,0,0,1,0,1,1,1,0,0.0,29.36,24279.0,10.097408245173435,0.29358705053750156,2025.0,1.0
4210580,Ore Factory Squad ?륅툘,0,0,0,0,1,0,0,0,0,0,0,0,0,1,0,0,0,1,1,1,0,0,1,1,1,0,0,0,0,0,0,0,0,1,0,0,0,0,0,0,0,0,0,1,0,0,0,1,0,0,0,0,0,1,1,1,14000.0,89.78,1448.0,7.278628942320682,0.8977900552486188,2026.0,0.0
2778580,ELDEN RING Shadow of the Erdtree,1,0,1,0,0,0,0,0,0,0,0,0,0,1,1,1,1,1,0,0,0,0,1,0,0,0,0,0,0,0,1,1,0,1,1,1,0,0,0,1,0,0,0,0,0,0,1,0,1,0,1,0,0,1,1,1,49800.0,70.22,104084.0,11.552963152001759,0.7021828523115945,2024.0,2.0
1256670,Library Of Ruina,0,0,1,1,0,0,0,0,0,0,0,0,0,0,0,0,0,0,0,0,0,0,0,0,0,0,0,0,0,0,0,0,0,0,0,0,0,0,0,0,0,0,0,0,1,0,0,0,0,0,0,0,0,1,0,0,31000.0,94.48,44567.0,10.704771391700652,0.9448022079116836,2021.0,5.0
2948190,World of Sea Battle,1,0,1,0,0,0,0,0,0,0,0,0,0,0,1,0,0,0,0,1,1,0,0,1,0,0,0,0,0,0,0,0,0,1,1,1,1,0,0,0,0,0,0,0,0,0,0,0,1,0,0,1,0,0,1,1,0.0,75.41,8537.0,9.052282067317908,0.7541290851587209,2025.0,1.0
292000,No More Room in Hell 2,1,0,0,0,0,0,0,0,0,0,0,0,0,0,1,1,1,1,1,1,0,1,1,0,0,1,0,1,1,0,0,0,0,0,0,0,0,1,0,0,0,0,0,0,0,0,1,0,0,0,0,0,0,0,1,1,20800.0,52.89,23917.0,10.082386592528753,0.5288706777605887,2026.0,0.0
1808500,ARC Raiders,1,0,0,0,0,0,0,0,0,0,0,0,0,0,1,1,0,0,0,1,1,0,1,0,0,1,0,0,1,0,0,0,0,0,1,1,1,0,0,0,1,0,0,0,0,0,1,1,0,0,0,0,0,0,1,1,60900.0,82.28,413039.0,12.93129971955353,0.8228278685547854,2025.0,1.0
1962700,Subnautica 2,1,1,0,0,0,0,0,0,0,0,0,0,0,1,1,1,1,1,1,1,1,0,0,1,0,0,0,0,1,0,0,0,0,1,0,0,0,1,1,0,1,0,0,0,0,0,0,0,1,0,0,1,0,1,1,1,33700.0,91.09,125596.0,11.740833647380658,0.9108968438485302,2026.0,0.0
1190970,House Flipper 2,0,0,0,0,1,0,0,0,0,0,0,0,1,1,0,0,0,1,1,0,0,0,1,1,1,0,0,0,0,0,0,0,0,0,0,0,1,0,1,0,0,0,0,1,0,0,0,0,1,0,0,0,0,1,1,1,35000.0,87.23,19796.0,9.893285690051531,0.8722974338250151,2023.0,3.0
2764370,Starward,1,1,1,0,0,0,0,0,0,0,0,0,0,0,1,1,0,1,0,0,0,0,0,0,0,1,0,0,0,0,1,0,0,0,1,1,0,0,0,0,0,1,0,0,0,0,0,0,1,0,0,0,0,1,1,0,0.0,64.72,3787.0,8.239593454305968,0.6472141536836546,2024.0,2.0
526870,Satisfactory,0,1,0,1,1,0,0,0,0,0,0,0,0,1,0,1,1,1,1,0,1,1,0,1,1,0,1,0,1,0,0,0,0,1,0,0,0,0,0,0,1,0,0,1,0,0,0,1,0,0,0,1,0,1,1,1,42000.0,97.26,278011.0,12.535419557208797,0.9726161914456622,2024.0,2.0
1145350,Hades II,1,0,1,0,0,0,0,0,0,0,0,0,0,1,1,0,0,0,0,1,0,1,0,0,0,0,0,0,0,0,1,1,0,0,0,0,0,0,0,1,0,0,0,0,0,0,0,0,0,0,0,0,0,1,0,0,32000.0,95.71,122514.0,11.715988750450245,0.9571314298774017,2025.0,1.0
1030300,Hollow Knight: Silksong,1,1,0,0,0,0,0,0,0,0,0,0,0,1,1,0,1,0,0,1,1,1,0,0,0,0,0,0,0,1,0,1,0,1,0,0,0,0,0,1,0,1,0,0,0,0,0,0,0,0,0,0,0,1,0,0,21500.0,89.42,419219.0,12.946151120774552,0.8941507899212583,2025.0,1.0
4317790,Last Pirates: Die Together,1,1,0,0,0,0,0,0,0,0,0,0,0,0,1,1,1,1,1,0,0,0,1,0,0,0,0,0,0,0,0,0,1,1,0,0,0,1,0,0,0,0,0,0,0,0,0,0,1,0,0,1,1,1,1,1,6960.0,64.08,103.0,4.6443908991413725,0.6407766990291263,2026.0,0.0
4118900,EZ2ON REBOOT : R - NIGHT TRAVELER,1,0,0,1,0,0,1,0,0,0,0,0,1,1,1,0,0,0,0,0,0,0,0,0,0,0,0,0,0,0,0,0,0,0,1,0,0,0,1,1,1,0,0,0,0,0,0,0,0,0,0,1,0,1,1,1,35640.0,99.17,121.0,4.804021044733257,0.9917355371900827,2026.0,0.0
289070,Sid Meier?셲 Civilization짰 VI,0,0,0,1,0,0,0,0,0,0,0,0,0,1,0,1,0,1,0,1,0,0,1,0,1,0,1,0,0,1,0,0,0,0,0,0,0,0,0,0,0,0,1,1,0,1,0,0,0,0,0,0,0,1,1,0,65000.0,86.12,377966.0,12.842562169203418,0.8611753438139939,2016.0,10.0
1562700,SANABI,1,1,0,0,0,0,0,0,0,0,0,0,0,1,1,0,1,0,0,1,0,1,0,0,0,0,0,0,0,1,0,1,0,0,0,0,0,0,0,1,1,1,0,0,0,0,0,0,0,0,0,0,0,1,0,0,15500.0,97.25,44860.0,10.711324099399532,0.9724921979491752,2023.0,3.0
1326470,Sons Of The Forest,1,1,0,0,1,0,0,0,0,0,0,0,0,1,1,1,1,1,1,1,1,0,0,1,1,0,0,0,1,0,0,0,0,1,0,0,0,1,0,0,0,0,0,1,0,0,0,1,0,0,0,0,0,1,1,1,32000.0,88.44,317473.0,12.668151204197954,0.8843712693677888,2024.0,2.0
1094520,Sands of Salzaar,0,1,1,1,0,0,0,0,0,0,0,0,0,1,1,1,1,0,0,0,1,1,0,1,0,0,1,0,0,0,1,1,0,0,0,0,0,0,0,0,0,0,1,0,0,0,1,0,0,0,0,1,0,1,0,0,6200.0,81.66,23008.0,10.043640722719532,0.8165855354659249,2021.0,5.0
513710,SCUM,1,1,0,0,0,0,0,0,0,0,0,0,0,1,1,0,0,0,0,0,1,0,1,1,0,0,0,1,1,0,1,0,0,0,1,1,1,0,0,0,0,0,0,0,1,0,1,1,0,1,0,0,0,1,1,1,49000.0,74.2,126308.0,11.746486564707151,0.742019507869652,2025.0,1.0
269210,Hero Siege,1,1,1,0,0,0,0,0,0,0,0,0,0,1,1,1,1,1,0,0,0,1,0,0,0,0,0,0,0,0,1,0,0,0,0,0,0,0,0,1,0,1,0,0,0,0,0,0,0,0,1,0,0,1,1,1,8900.0,67.15,46933.0,10.756497638482541,0.6715104510685446,2014.0,12.0
1144200,Ready or Not,1,1,0,0,0,0,0,0,0,0,0,0,0,1,1,1,0,1,1,1,0,0,0,0,0,1,0,1,0,0,0,0,0,0,0,0,1,1,0,0,0,0,0,0,1,1,0,0,0,1,0,0,0,1,1,1,53000.0,78.63,343021.0,12.74554986403289,0.7862550689316398,2023.0,3.0
1384160,GUILTY GEAR -STRIVE-,1,0,0,0,0,0,0,0,0,0,0,0,0,1,1,1,0,0,0,0,0,0,0,0,0,0,0,0,0,1,0,1,0,0,1,0,0,0,1,0,0,1,0,0,0,0,0,0,1,0,1,0,0,1,1,0,39900.0,87.94,66679.0,11.10766033686473,0.8793623179711754,2021.0,5.0
1926210,EZ2ON REBOOT : R - PRESTIGE PASS,1,0,0,1,0,0,1,0,0,0,0,0,1,0,1,0,0,0,0,0,0,0,0,0,0,0,0,0,0,0,0,0,0,0,0,0,0,0,1,0,0,0,0,0,0,0,0,0,0,0,0,0,0,1,1,1,25800.0,99.44,534.0,6.282266746896006,0.9943820224719101,2022.0,4.0
2244210,Echoes of Aincrad,1,0,1,0,0,0,0,0,0,0,0,0,0,1,1,0,1,0,0,0,0,0,0,0,0,0,0,0,0,0,1,0,0,0,0,0,1,0,0,0,0,0,0,0,0,0,1,0,1,0,1,0,0,1,0,0,79800.0,48.16,5017.0,8.520786726926367,0.48156268686466014,2026.0,0.0
1292630,3on3 FreeStyle: Rebound,1,0,1,1,0,0,1,0,0,0,0,0,1,1,1,1,0,0,0,0,0,0,1,0,0,1,1,0,0,0,1,0,0,0,1,0,0,0,1,0,0,0,0,0,0,0,1,0,1,0,0,0,1,1,1,1,0.0,61.95,4418.0,8.39366870513074,0.6195110909913988,2020.0,6.0
2671070,Crusader Kings III: Roads to Power,0,0,1,1,1,0,0,0,0,0,0,0,0,0,0,0,0,0,0,0,0,0,0,0,1,0,1,0,0,0,1,0,0,0,0,0,0,0,0,0,0,0,0,0,0,0,0,0,0,0,0,0,0,1,1,0,19800.0,81.89,2181.0,7.687997166393016,0.8188904172397983,2024.0,2.0
518790,"theHunter: Call of the Wild??""Adventure",0,0,0,0,1,0,0,0,0,0,0,0,0,0,0,0,0,0,0,0,0,0,0,0,0,0,0,0,0,0,0,0,0,0,0,0,0,0,0,0,0,0,0,0,0,0,0,0,0,0,0,0,0,0,1,1,22038.0,0.0,0.0,0.0,0.5288717005455202,2024.0,2.0
1817190,Marvel?셲 Spider-Man: Miles Morales,1,1,0,0,0,0,0,0,0,0,0,0,0,1,1,1,1,0,0,0,1,0,0,0,0,0,0,0,0,1,1,1,0,1,0,1,0,0,0,0,1,0,0,0,0,0,0,0,0,0,0,0,0,1,0,0,52800.0,93.28,55726.0,10.928220048143892,0.9327782363708144,2022.0,4.0
2622380,ELDEN RING NIGHTREIGN,1,0,1,0,0,0,0,0,0,0,0,0,0,1,1,1,0,1,0,0,1,0,1,0,0,0,0,0,1,0,1,1,0,0,0,1,0,0,0,0,0,0,0,0,0,0,0,0,1,1,0,0,0,1,1,1,49800.0,81.72,189666.0,12.153025181908058,0.8172155262408656,2025.0,1.0
1710820,Cleared Hot,1,0,0,0,0,0,0,0,0,0,0,0,0,1,1,0,0,0,0,0,0,0,0,0,0,1,0,0,0,0,0,0,0,0,0,0,0,0,0,0,0,0,0,0,0,1,0,0,1,0,0,1,0,1,0,0,10000.0,96.41,3846.0,8.255048902752295,0.9641185647425897,2025.0,1.0
410340,Liftoff짰: FPV Drone Racing,0,0,0,1,1,0,1,1,0,0,0,0,0,1,0,1,0,0,1,1,0,1,0,0,1,0,0,0,0,0,0,0,0,1,0,0,1,0,0,0,0,0,0,0,0,0,0,1,1,0,0,1,0,1,1,0,25000.0,95.21,13848.0,9.535968306842717,0.952050837666089,2018.0,8.0
4731620,Fortune Mill,0,0,0,0,1,0,0,0,0,0,0,0,1,1,0,0,0,0,0,1,0,1,0,1,1,0,0,0,0,0,0,0,0,0,0,0,0,0,1,0,0,1,0,0,0,0,0,0,0,0,1,0,0,1,0,0,6090.0,81.98,3363.0,8.120886021092838,0.8198037466547725,2026.0,0.0
774181,Rhythm Doctor,1,0,0,1,0,0,0,0,0,0,0,0,1,1,1,0,0,1,0,0,0,1,0,0,0,0,0,0,0,0,0,1,1,0,0,0,0,0,0,0,1,1,0,0,0,0,0,0,0,0,0,0,0,1,1,1,21500.0,98.16,26876.0,10.199026181265689,0.9816192885846108,2025.0,1.0
360430,Mafia III: Definitive Edition,1,1,0,0,0,0,0,0,0,0,0,0,0,1,1,1,1,1,0,1,1,0,0,1,0,1,0,1,0,1,0,1,0,0,0,1,0,0,0,0,0,0,0,0,1,0,0,0,0,1,0,0,0,1,0,0,7000.0,57.4,63862.0,11.06449544292921,0.5739876608938023,2020.0,6.0
1608290,GNOSIA,0,1,1,0,1,0,0,0,0,0,0,0,0,1,0,0,1,0,0,1,0,1,0,0,1,0,0,0,0,0,1,1,0,0,0,0,0,0,0,0,1,0,0,0,0,0,0,0,0,0,0,0,0,1,0,0,18200.0,93.67,5069.0,8.531096096585228,0.9366739001775498,2022.0,4.0
440900,Conan Exiles Enhanced,1,1,1,1,1,0,0,0,0,0,0,0,0,1,1,1,1,1,0,0,1,0,1,1,0,0,0,0,1,0,1,0,0,1,1,0,0,0,0,0,0,0,0,1,1,0,0,1,0,1,1,0,0,1,1,1,45000.0,79.02,117137.0,11.671108005910858,0.7901687767315195,2018.0,8.0
899770,Last Epoch,1,1,1,0,0,0,0,0,0,0,0,0,0,1,1,1,1,1,0,0,0,1,0,0,0,0,0,0,0,0,1,0,0,0,0,0,0,0,0,0,0,0,0,0,1,0,1,0,0,1,1,0,0,1,1,1,37500.0,76.54,118353.0,11.6814354124276,0.765371388980423,2024.0,2.0
4992070,Sort Them Ducks,0,0,0,0,1,0,0,0,0,0,0,0,1,1,0,1,0,0,1,0,0,0,0,1,1,0,0,0,0,0,0,0,0,0,0,0,0,0,1,0,0,0,0,0,0,0,0,0,1,0,0,0,0,1,0,0,5890.0,90.88,702.0,6.555356891810665,0.9088319088319088,2026.0,0.0
843380,Super Animal Royale,1,1,0,0,0,0,0,0,0,0,0,0,1,0,1,1,0,0,0,0,0,1,1,0,0,1,0,0,1,0,0,0,1,0,1,0,0,0,1,0,0,1,0,0,0,0,1,0,0,0,0,0,1,0,1,1,0.0,92.95,44440.0,10.70191774575062,0.9295454545454546,2021.0,5.0
3472040,NBA 2K26,0,0,0,1,0,0,1,0,0,0,0,0,0,1,0,1,0,1,0,0,0,0,1,0,1,0,0,0,0,0,0,0,0,0,1,0,0,0,0,0,0,0,0,0,0,0,1,0,1,0,0,0,0,1,1,1,84800.0,64.27,32508.0,10.389272253058634,0.6427340962224684,2025.0,1.0
1030830,Mafia II: Definitive Edition,1,1,0,0,0,0,0,0,0,0,0,0,0,1,1,1,1,0,0,1,1,0,0,0,0,1,0,0,0,1,0,1,0,0,0,1,0,0,0,0,0,0,0,0,1,0,0,0,0,1,0,0,0,1,0,0,7000.0,74.08,38266.0,10.552343184962949,0.7407620341817802,2020.0,6.0
1203220,NARAKA: BLADEPOINT,1,1,0,0,0,0,0,0,0,0,0,0,0,0,1,1,1,0,0,0,1,0,0,0,0,0,0,0,1,0,0,0,0,0,1,1,0,0,0,0,0,0,0,0,1,0,1,0,0,1,0,0,1,0,1,0,0.0,73.34,302312.0,12.619218183481689,0.7333979464923654,2021.0,5.0
880940,Pummel Party,1,0,0,0,0,0,0,0,0,0,0,0,1,1,1,1,0,1,0,0,0,1,1,0,0,0,0,0,0,0,0,0,1,0,0,0,0,0,1,0,0,0,0,0,1,0,0,0,0,0,0,0,0,1,1,0,16500.0,88.56,57695.0,10.962943126003044,0.8855880058930583,2018.0,8.0
1244460,Jurassic World Evolution 2,0,0,0,1,1,0,0,0,0,0,0,0,0,1,1,1,0,0,0,1,1,0,0,1,1,0,1,0,1,0,0,0,0,0,0,0,0,0,1,0,1,0,0,1,0,0,0,0,0,1,0,0,0,1,0,0,18300.0,90.34,46910.0,10.75600746851162,0.9033681517800043,2021.0,5.0
367520,Hollow Knight,1,1,0,0,0,0,0,0,0,0,0,0,0,1,1,0,1,0,0,1,1,1,0,0,0,0,0,0,0,1,0,1,0,1,0,0,0,0,0,1,0,1,0,0,0,0,0,0,0,0,0,0,0,1,0,0,16500.0,96.91,557653.0,13.231493977354907,0.9691349279928557,2017.0,9.0
2231380,Tom Clancy's Ghost Recon짰 Breakpoint,1,1,0,0,0,0,0,0,0,0,0,0,0,0,0,0,0,0,0,0,0,0,0,0,0,0,0,0,0,0,0,0,0,0,0,0,1,0,0,0,0,0,0,0,0,0,0,0,0,1,0,0,0,1,1,1,65000.0,72.85,46508.0,10.747401121234471,0.7284553195149222,2023.0,3.0
3787240,MARVEL T흲kon: Fighting Souls,1,0,0,0,0,0,0,0,0,0,0,0,1,1,1,1,0,0,0,0,0,0,0,0,0,0,0,0,0,0,0,1,0,0,0,0,0,0,1,0,0,1,0,0,0,0,0,0,1,0,0,0,0,1,1,0,69800.0,46.76,6033.0,8.705165419719007,0.46759489474556604,2026.0,0.0
1361210,"Warhammer 40,000: Darktide",1,1,1,0,0,0,0,0,0,0,0,0,0,0,1,0,0,1,1,1,0,0,0,0,0,1,0,1,0,0,1,0,0,0,0,0,1,1,0,0,0,0,0,0,1,0,1,1,0,1,0,0,0,0,1,1,44000.0,71.67,137782.0,11.833435262752497,0.716719165057845,2022.0,4.0
3511030,Mini Cozy Room: Lo-Fi,0,0,0,0,0,0,0,0,0,0,0,0,1,1,0,1,0,0,0,0,0,1,0,0,0,0,0,0,0,0,0,0,0,0,0,0,0,0,1,0,0,0,0,0,0,0,1,0,0,0,0,0,0,1,1,1,4900.0,96.82,3617.0,8.193676665955241,0.9682056953276196,2025.0,1.0
2379780,Balatro,0,0,0,1,0,0,0,0,0,0,0,0,1,1,0,0,0,0,0,0,0,1,0,0,0,0,1,0,0,0,0,0,0,0,0,0,0,0,1,1,0,1,0,0,0,0,0,0,0,0,0,0,0,1,0,0,16500.0,97.85,197169.0,12.191821579760314,0.9784550309632853,2024.0,2.0
223750,DCS World Steam Edition,0,0,0,0,1,0,0,0,0,0,0,0,0,1,1,1,0,1,1,0,1,0,0,1,1,1,1,1,0,0,0,0,0,0,0,0,1,0,0,0,0,0,0,0,0,0,0,0,0,0,0,0,1,1,1,1,0.0,85.02,40936.0,10.619789578562562,0.8501807699824115,2013.0,13.0
411950,DCS: F/A-18C,0,0,0,0,1,0,0,0,0,0,0,0,0,0,0,0,0,0,0,0,0,0,0,0,1,0,0,0,0,0,0,0,0,0,0,0,1,0,0,0,0,0,0,0,0,0,0,0,0,0,0,0,0,1,1,0,115000.0,93.12,1076.0,6.981934677156389,0.9312267657992565,2018.0,8.0
1364780,Street Fighter??6,1,1,0,0,0,0,0,0,0,0,0,0,0,1,1,1,1,0,0,0,1,0,0,0,0,0,0,0,0,1,0,0,0,0,1,0,0,0,0,0,0,0,0,0,0,0,1,0,1,0,0,0,0,1,1,0,44800.0,82.24,78691.0,11.273296777396157,0.8224193363917094,2023.0,3.0
242760,The Forest,1,1,0,0,1,0,0,0,0,0,0,0,0,1,1,0,1,0,1,1,1,1,0,1,1,0,0,0,1,0,0,0,0,1,0,0,1,1,0,0,0,0,0,1,1,0,0,1,0,0,0,1,0,1,1,1,20500.0,95.53,680334.0,13.430340602900392,0.9553028365479309,2018.0,8.0
1113000,Persona 4 Golden,0,0,1,0,0,0,0,0,0,0,0,0,0,1,0,0,1,0,0,0,0,0,0,0,0,0,1,0,0,1,1,1,0,0,0,0,0,0,0,0,0,0,0,0,0,0,0,0,0,1,0,0,0,1,0,0,9900.0,97.05,86887.0,11.372375211959872,0.9704558794756408,2020.0,6.0
632360,Risk of Rain 2,1,0,0,0,0,0,0,0,0,0,0,0,0,1,1,1,0,1,0,0,0,1,1,0,0,1,0,0,1,1,0,0,0,0,0,1,0,0,0,1,0,0,0,0,0,0,0,0,0,0,0,1,0,1,1,1,26000.0,93.81,351524.0,12.770036111459017,0.9381180232359668,2020.0,6.0
2526380,Sword of Convallaria,0,0,1,1,0,0,0,0,0,0,0,0,0,1,0,1,0,1,0,0,0,0,0,0,0,0,1,0,0,0,1,1,0,0,0,0,0,0,0,0,0,0,0,0,0,0,0,0,0,0,0,0,1,1,0,0,0.0,75.2,4787.0,8.473868066677865,0.7520367662419052,2024.0,2.0
3293260,Waterpark Simulator,0,0,0,0,1,0,0,0,0,0,0,0,1,1,0,1,0,1,1,0,0,0,0,1,1,0,0,0,0,0,0,0,1,0,0,0,0,0,1,0,0,0,0,1,0,0,0,1,1,0,0,0,0,1,1,1,14000.0,96.31,13025.0,9.474702639106347,0.9630710172744722,2026.0,0.0
312520,Rain World,1,1,0,0,0,0,0,0,0,0,0,0,0,1,1,0,1,0,0,1,1,1,0,0,1,0,0,0,1,0,0,0,0,1,0,0,0,0,0,1,0,1,0,0,0,0,0,0,0,0,0,0,0,1,1,0,26900.0,93.73,56358.0,10.939497222775007,0.9372937293729373,2017.0,9.0
251570,7 Days to Die,1,1,1,1,1,0,0,0,0,0,0,0,0,0,1,1,0,0,0,0,1,0,1,1,1,0,1,1,1,0,0,0,0,1,0,0,0,1,0,0,0,0,0,1,0,0,1,0,0,0,0,0,0,1,1,1,47000.0,87.14,399261.0,12.897373121981243,0.8714049205907914,2024.0,2.0
3672400,Farever,1,1,1,0,0,0,0,0,0,0,0,0,0,1,1,1,1,0,0,0,1,0,1,1,0,0,0,0,0,0,1,0,0,1,0,0,0,0,0,0,0,0,0,0,0,0,1,1,0,0,1,1,0,1,1,1,20000.0,75.84,9241.0,9.131513591430211,0.7583594849042311,2026.0,0.0
1382330,Persona짰 5 Strikers,1,1,0,0,0,0,0,0,0,0,0,0,0,1,1,0,1,0,0,1,0,0,0,0,1,0,0,0,0,1,1,1,1,0,0,1,0,0,0,0,0,1,0,0,0,0,0,0,1,0,0,0,0,1,0,0,20940.0,86.83,18177.0,9.807967350678716,0.8682950982010232,2021.0,5.0
3937550,Yakuza Kiwami 3 & Dark Ties,1,1,1,0,0,0,0,0,0,0,0,0,0,0,0,0,0,0,0,0,0,0,0,0,0,0,0,0,0,0,0,0,0,0,0,0,1,0,0,0,0,0,0,0,0,0,0,0,0,1,0,0,0,1,0,0,41880.0,62.53,3352.0,8.117610746466228,0.6252983293556086,2026.0,0.0
3717330,Yakuza Kiwami,1,1,1,0,0,0,0,0,0,0,0,0,0,0,0,0,0,0,0,0,0,0,0,0,0,0,0,0,0,0,0,0,0,0,0,0,1,0,0,0,0,0,0,0,0,0,0,0,0,1,0,0,0,1,0,0,2100.0,82.15,1339.0,7.200424892944957,0.8215085884988798,2025.0,1.0
1295660,Sid Meier's Civilization VII,0,0,0,1,1,0,0,0,0,0,0,0,0,1,0,1,0,0,0,0,0,0,0,0,1,0,1,0,0,0,0,0,0,0,1,0,0,0,0,0,0,0,0,0,0,1,0,0,0,0,0,0,0,1,1,0,83000.0,48.41,58377.0,10.974694385513637,0.48411189338266786,2025.0,1.0
1222670,The Sims??4,0,1,0,0,1,0,0,0,0,0,0,0,1,1,0,0,1,0,0,0,0,0,0,1,1,0,0,0,0,0,0,0,1,0,0,0,1,0,1,0,0,0,0,1,0,0,1,0,0,0,1,0,1,1,0,0,0.0,86.37,199166.0,12.20189894775846,0.863656447385598,2020.0,6.0
2670630,Supermarket Simulator,0,0,0,0,1,0,0,0,0,0,0,0,1,1,0,1,0,1,1,0,0,1,0,1,1,0,0,0,0,0,0,0,0,0,0,0,1,0,1,0,0,0,0,1,0,0,0,0,1,0,0,1,0,1,1,1,21500.0,92.06,83706.0,11.33507788499972,0.9205672233770578,2025.0,1.0
3762660,Trials Survivors,1,0,1,0,0,0,0,0,0,0,0,0,1,1,1,0,0,0,0,0,0,0,0,0,0,0,0,0,1,0,1,0,0,0,0,0,0,0,1,0,0,0,0,0,0,0,0,0,1,0,1,1,0,1,0,0,10500.0,84.83,435.0,6.077642243349034,0.8482758620689655,2026.0,0.0
325610,Total War: ATTILA,0,0,0,1,0,0,0,0,0,0,0,0,0,1,1,1,1,1,0,1,1,0,0,0,1,0,1,0,1,0,0,0,0,0,0,0,0,0,0,0,0,0,0,0,0,1,0,0,0,0,0,0,0,1,1,1,9000.0,82.44,37620.0,10.535317684107266,0.8244019138755981,2015.0,11.0
3097560,Liar's Bar,0,0,0,1,1,0,0,0,0,0,0,0,1,0,0,1,0,1,1,0,0,1,1,0,1,0,1,1,0,0,0,0,1,0,1,0,0,1,1,0,0,0,0,0,1,0,0,0,1,0,0,1,0,0,1,1,7800.0,89.59,56139.0,10.935603849915873,0.895936870980958,2024.0,2.0
1721470,Poppy Playtime,1,1,0,0,0,0,0,0,0,0,0,0,0,1,1,0,1,0,1,1,0,1,0,0,0,0,0,0,1,0,0,0,0,0,0,0,0,1,0,0,0,0,0,0,0,0,0,0,0,0,0,0,1,1,0,0,0.0,87.96,141530.0,11.860274053342717,0.879629760474811,2021.0,5.0
4026250,Project P.I.T.T.,1,0,0,0,1,0,0,0,0,0,0,0,1,1,1,0,0,0,1,0,0,1,0,1,1,0,0,0,0,0,0,0,0,0,0,0,0,0,1,0,0,0,0,0,0,0,0,0,1,0,0,0,0,1,0,0,8920.0,85.0,100.0,4.61512051684126,0.85,2026.0,0.0
735730,Darkest Dungeon짰: The Color Of Madness,0,0,1,1,0,0,0,0,0,0,0,0,0,1,0,0,0,0,0,0,0,1,0,0,0,0,1,0,0,0,1,0,0,0,0,0,0,1,0,1,0,0,0,0,0,0,0,0,0,0,0,0,0,1,0,0,2850.0,67.62,1019.0,6.927557906278317,0.676153091265947,2018.0,8.0
1617400,The Bazaar,0,0,0,1,0,0,0,0,0,0,0,0,0,0,0,1,1,0,0,0,0,0,0,0,0,0,1,0,0,0,0,0,0,0,1,0,0,0,0,0,1,0,0,0,0,1,0,0,0,0,1,0,0,1,1,0,21500.0,70.47,15441.0,9.64484634886876,0.7047471018716405,2025.0,1.0
3282420,Zoominoes,0,0,0,1,0,0,0,0,0,0,0,0,0,1,0,0,0,0,0,0,0,1,0,0,0,0,1,0,0,0,0,0,0,0,0,0,0,0,0,0,0,0,0,0,0,0,0,0,0,0,0,0,0,1,0,0,16000.0,93.16,424.0,6.052089168924417,0.9316037735849056,2026.0,0.0
625960,Stoneshard,0,1,1,1,0,0,0,0,0,0,0,0,0,1,0,0,0,0,0,0,1,1,0,1,0,0,1,0,1,0,1,0,0,0,0,0,0,0,0,1,0,1,0,0,0,0,0,0,0,0,0,1,0,1,0,0,24000.0,74.63,35414.0,10.474890738187723,0.7462867792398487,2020.0,6.0
1436990,Feign,0,0,1,1,0,0,0,0,0,0,0,0,1,0,0,1,0,1,0,0,0,0,1,0,0,0,1,0,1,0,1,0,1,0,1,0,0,0,1,0,0,0,0,0,0,0,0,0,0,0,0,0,0,0,1,1,3020.0,91.18,6317.0,8.75115798136203,0.9118252334969131,2025.0,1.0
2325832,Total War: WARHAMMER III - Elspeth ??Thrones of Decay,1,0,0,1,0,0,0,0,0,0,0,0,0,1,1,1,0,1,0,1,0,0,1,0,0,0,1,0,0,0,0,1,0,0,1,0,0,0,0,0,0,0,0,0,0,1,0,0,0,0,1,0,0,1,1,1,4500.0,85.76,1334.0,7.19668657083435,0.8575712143928036,2024.0,2.0
214950,Total War: ROME II - Emperor Edition,0,0,0,1,0,0,0,0,0,0,0,0,0,1,1,1,0,1,0,1,0,0,1,0,1,0,1,0,0,0,0,0,0,0,0,0,0,0,0,0,0,0,1,0,0,1,0,0,0,0,0,0,0,1,1,1,11960.0,87.55,88007.0,11.385182998419271,0.8754530889588328,2013.0,13.0
1129580,Medieval Dynasty,1,1,1,0,1,0,0,0,0,0,0,0,0,1,0,1,1,1,1,1,1,0,0,1,1,0,0,0,1,0,1,0,0,0,0,0,1,0,0,0,0,0,0,1,0,0,0,1,0,0,0,0,0,1,1,1,27900.0,90.38,51969.0,10.858421908002487,0.9038080394081087,2021.0,5.0
3451980,Soul's Remnant,0,1,1,0,0,0,0,0,0,0,0,0,1,0,0,0,0,0,0,0,0,0,0,0,0,0,0,0,0,0,1,0,0,0,0,0,0,0,1,0,0,0,0,0,0,0,1,1,0,0,1,1,0,0,1,1,0.0,76.22,761.0,6.635946555686647,0.7621550591327201,2026.0,0.0
1392840,RimWorld - Ideology,0,0,0,1,1,0,0,0,0,0,0,0,0,1,0,0,0,0,0,1,1,1,0,1,1,0,1,0,1,0,0,1,0,0,0,0,0,0,0,0,1,1,1,1,0,0,0,0,0,0,0,0,0,1,0,0,21500.0,82.92,3496.0,8.159660737063376,0.829233409610984,2021.0,5.0
1733690,Mandate Order,0,0,0,1,1,0,0,0,0,0,0,0,0,1,0,0,0,0,0,0,0,1,0,1,1,0,1,0,0,0,0,0,0,0,0,0,0,0,0,0,0,0,0,1,0,0,0,0,0,0,0,1,0,1,0,0,18270.0,77.19,741.0,6.60934924316738,0.7719298245614035,2026.0,0.0
3679080,The Seven Deadly Sins: Origin,1,1,1,0,1,0,0,0,0,0,0,0,0,1,1,1,1,0,0,0,1,0,1,0,0,0,0,0,0,0,1,1,0,0,0,1,0,0,0,0,0,0,0,0,0,0,0,0,1,0,1,0,1,1,1,1,0.0,60.14,15533.0,9.650786448979593,0.6014292152192107,2026.0,0.0
1149640,RimWorld - Royalty,0,0,0,1,1,0,0,0,0,0,0,0,0,1,0,0,0,0,0,1,1,1,0,1,1,0,1,0,1,0,0,1,0,0,0,0,0,0,0,0,1,1,1,1,0,0,0,0,0,0,0,0,0,1,0,0,21500.0,83.93,2608.0,7.866722285136729,0.839340490797546,2020.0,6.0
2008980,XENOTILT: HOSTILE PINBALL ACTION,1,0,0,0,0,0,0,0,0,0,0,0,0,0,1,0,0,0,0,0,0,1,0,0,0,0,0,0,0,0,0,0,0,0,0,0,0,1,0,1,1,0,0,0,0,0,0,0,0,0,0,0,0,1,0,0,15050.0,97.01,770.0,6.647688373563329,0.9701298701298702,2024.0,2.0
3315530,Crusader Kings III: All Under Heaven,0,0,1,1,1,0,0,0,0,0,0,0,0,1,0,1,0,0,0,0,0,0,0,1,1,0,1,0,0,0,1,0,0,0,0,0,0,0,0,0,0,0,1,0,0,0,1,0,0,0,0,0,0,1,1,0,24750.0,68.11,2176.0,7.685703061234547,0.6810661764705882,2025.0,1.0
431730,Aseprite,0,0,1,0,0,0,0,0,1,1,0,0,0,1,0,0,0,0,0,0,0,1,0,0,0,0,0,0,0,0,0,0,1,0,0,0,0,0,0,1,0,1,0,0,0,0,0,0,0,0,0,0,0,0,0,0,21000.0,98.95,26619.0,10.189418091949102,0.9895187647920658,2016.0,10.0
2958130,Jurassic World Evolution 3,0,0,0,1,1,0,0,0,0,0,0,0,0,1,1,1,0,0,0,1,1,0,0,1,1,0,1,0,1,0,0,0,0,0,0,0,0,0,0,0,1,0,0,1,0,0,0,0,0,1,0,0,0,1,0,0,63000.0,93.38,13132.0,9.48288342558516,0.9338257691136156,2025.0,1.0
1096900,RPG Maker MZ,0,0,1,0,0,0,0,0,0,0,0,0,0,1,0,0,0,0,0,0,0,0,0,0,0,0,0,0,0,0,1,1,0,0,0,0,0,0,0,0,0,1,0,0,0,0,0,0,0,0,1,0,0,0,0,0,84000.0,85.39,2334.0,7.755767170102998,0.8538988860325621,2020.0,6.0
220200,Kerbal Space Program,0,0,0,0,1,0,0,0,0,0,0,0,0,1,0,0,1,0,0,0,1,1,0,1,1,0,1,0,0,0,0,0,1,1,0,0,0,0,0,1,1,0,1,1,0,0,0,0,0,0,0,0,0,1,0,0,49500.0,95.58,146078.0,11.89190285024129,0.9558112789057901,2015.0,11.0
1159830,Scene Investigators,0,1,0,0,0,0,0,0,0,0,0,0,0,1,0,0,1,0,1,1,0,1,0,0,0,0,0,0,0,0,0,0,0,1,0,0,1,0,0,1,0,0,0,0,0,0,0,0,1,0,0,0,0,1,0,0,27000.0,75.22,1025.0,6.933423025730715,0.7521951219512195,2023.0,3.0
2695940,PANICORE,1,1,0,0,0,0,0,0,0,0,0,0,0,1,1,1,1,1,1,1,0,1,1,0,0,0,0,0,1,0,0,0,0,0,0,0,0,1,1,0,0,0,0,0,0,0,0,0,0,0,0,0,0,1,1,1,8500.0,78.87,12882.0,9.463663891791525,0.7886974072349014,2024.0,2.0
3091140,Lootbound,0,1,1,1,0,0,0,0,0,0,0,0,1,1,0,0,1,0,0,0,0,0,0,0,0,0,1,0,0,0,1,0,0,0,0,0,0,0,1,0,0,0,0,0,0,1,1,0,0,0,1,0,0,1,0,0,13000.0,83.35,967.0,6.875232087276577,0.8335056876938987,2026.0,0.0
1605850,ZeroSpace,1,0,1,1,1,0,0,0,0,0,0,0,0,0,0,0,0,0,0,0,0,0,0,0,0,0,1,0,1,0,1,1,0,0,1,0,0,0,0,0,0,0,0,0,0,0,0,0,0,0,0,1,0,1,1,1,41000.0,81.6,1272.0,7.149131598557407,0.8160377358490566,2026.0,0.0
648100,Raging Loop,0,1,0,0,0,0,0,0,0,0,0,0,0,1,0,0,1,0,0,1,0,1,0,0,0,0,0,0,0,0,0,1,0,0,0,0,0,1,0,0,0,0,0,0,1,0,0,0,0,1,0,0,0,1,0,0,9600.0,95.6,10721.0,9.280052984387483,0.9559742561328234,2017.0,9.0
3008130,Dying Light: The Beast,1,1,1,0,0,0,0,0,0,0,0,0,0,1,1,1,1,0,1,0,1,0,0,0,0,0,0,0,0,0,1,1,0,1,0,0,1,1,0,0,0,0,0,0,1,0,0,0,0,1,0,0,0,1,1,1,65800.0,86.57,70686.0,11.166016959447076,0.8657018362900716,2025.0,1.0
813780,Age of Empires II: Definitive Edition,0,0,0,1,0,0,0,0,0,0,0,0,0,1,1,1,1,1,0,0,0,0,0,0,0,0,1,0,0,1,0,0,0,0,0,0,0,0,0,0,0,1,0,0,0,1,0,0,0,0,0,0,0,1,1,1,36500.0,94.92,181610.0,12.109622316002104,0.9492263641869941,2019.0,7.0
8500,EVE Online,1,0,1,1,0,0,0,0,0,0,0,0,0,0,0,0,1,1,0,0,1,0,0,1,1,0,1,0,0,0,0,0,0,1,1,1,0,0,0,1,1,0,0,0,0,0,1,0,0,0,0,0,0,0,1,1,0.0,73.38,39300.0,10.579005242826247,0.7337913486005089,2010.0,16.0
392110,ENDLESS Space??2,0,0,0,1,0,0,0,0,0,0,0,0,0,1,1,1,0,1,0,1,1,1,0,1,0,0,1,0,0,1,1,0,0,0,0,0,0,0,0,0,1,0,1,0,0,0,0,0,0,0,0,0,0,1,1,0,8600.0,83.35,23013.0,10.043858005383404,0.8334854212836224,2017.0,9.0
1067360,Pax Autocratica,1,0,0,0,1,0,0,0,0,0,0,0,0,0,0,0,0,0,0,0,0,0,0,0,0,0,1,0,1,0,0,0,0,0,0,0,0,0,0,0,0,0,0,1,0,0,0,1,1,0,0,1,0,1,0,0,25730.0,92.11,2369.0,7.7706452341291765,0.9210637399746728,2026.0,0.0
2853730,Skull and Bones,1,0,1,0,0,0,0,0,0,0,0,0,0,0,0,0,0,0,0,0,0,0,0,0,0,0,0,0,0,0,0,0,0,0,0,0,1,0,0,0,0,0,0,0,0,0,0,0,0,0,0,0,0,1,1,1,3100.0,66.4,4747.0,8.465478755729558,0.6639983147250895,2024.0,2.0
2780810,Euro Truck Simulator 2 - Nordic Horizons,0,0,0,0,1,0,0,0,0,0,0,0,0,1,0,1,0,0,0,0,1,1,1,0,1,0,0,0,0,0,0,0,0,0,0,0,1,0,0,0,0,0,1,0,0,0,0,0,0,0,0,0,0,1,1,1,20520.0,91.99,1273.0,7.149916836132109,0.9198743126472899,2025.0,1.0
291550,Brawlhalla,1,0,0,0,0,0,0,0,0,0,0,0,0,1,1,1,0,1,0,0,0,1,1,0,0,0,0,0,0,0,0,0,0,0,0,0,0,0,1,0,0,0,0,0,0,0,0,0,0,0,1,0,1,1,1,1,0.0,79.8,411060.0,12.926496900956922,0.7979735318444996,2017.0,9.0
3205310,Darkest Dungeon짰 II: Inhuman Bondage,0,0,1,1,0,0,0,0,0,0,0,0,0,1,0,0,0,0,0,0,0,0,0,0,0,0,0,0,0,0,1,1,0,0,0,0,0,0,0,0,0,1,0,0,0,0,0,0,0,0,0,0,0,1,0,0,7870.0,75.08,325.0,5.786897381366708,0.7507692307692307,2025.0,1.0
1937780,Total War: PHARAOH,1,0,0,1,0,0,0,0,0,0,0,0,0,1,1,1,0,0,0,1,0,0,0,0,0,0,1,0,0,0,0,0,0,0,1,0,0,0,0,0,0,0,0,0,0,1,0,0,0,0,0,0,0,1,1,0,7960.0,63.03,5407.0,8.5956346177228,0.6302940632513409,2023.0,3.0
704850,Thief Simulator,1,1,0,0,1,0,0,0,0,0,0,0,0,1,1,0,1,1,1,1,1,1,0,1,1,0,0,1,0,0,1,0,1,1,0,0,1,0,0,0,0,0,0,0,0,0,0,0,0,0,0,0,0,1,0,0,1930.0,88.09,39620.0,10.587114559711914,0.8809439676930843,2018.0,8.0
1798010,Mega Man Battle Network Legacy Collection Vol. 1,1,0,1,0,0,0,0,0,0,0,0,0,0,1,1,0,0,0,0,0,0,0,0,0,0,0,1,0,0,0,1,1,0,0,1,0,0,0,0,0,1,1,0,0,0,0,0,0,0,0,0,0,0,1,1,0,49800.0,87.65,1530.0,7.333676395657684,0.8764705882352941,2023.0,3.0
838350,The Scroll of Taiwu : Beyond The Dome,0,1,1,1,0,0,0,0,0,0,0,0,1,1,0,0,1,0,0,0,1,1,0,1,1,0,1,0,0,0,1,0,0,0,0,0,0,0,1,0,0,1,0,1,0,0,0,0,0,0,0,1,0,1,0,0,24800.0,65.45,70088.0,11.157521142022066,0.6544629608492182,2026.0,0.0
673750,Super Bunny Man,1,0,0,0,0,0,0,0,0,0,0,0,0,1,1,1,1,1,0,0,0,0,1,1,0,0,0,0,0,0,0,0,1,0,1,0,0,0,1,0,0,0,0,0,0,0,0,0,0,0,0,0,0,1,1,1,15250.0,85.16,12314.0,9.418573310554638,0.8515510800714634,2023.0,3.0
3314790,CloverPit,1,1,0,1,1,0,1,0,0,0,0,0,0,1,1,0,1,0,1,0,0,1,0,0,1,0,1,0,0,0,0,0,0,0,0,0,0,1,0,0,0,0,0,0,0,0,0,0,1,0,0,0,0,1,0,0,11000.0,90.18,25624.0,10.151323716440709,0.9018108023727756,2025.0,1.0
1805320,Romestead,1,1,1,0,0,0,0,0,0,0,0,0,0,0,0,0,1,0,0,0,1,1,1,1,0,0,0,0,1,0,1,0,0,1,0,0,0,0,0,0,0,1,0,1,0,0,0,1,0,0,0,1,0,1,1,1,15000.0,76.54,4791.0,8.474703139795285,0.7653934460446671,2026.0,0.0
1794680,Vampire Survivors,1,0,1,0,0,0,0,0,0,0,0,0,1,1,1,0,0,1,0,0,0,1,0,0,0,0,0,0,0,0,1,0,0,0,0,0,0,0,1,0,0,1,0,0,0,0,0,0,0,0,0,0,0,1,1,1,5000.0,98.32,264742.0,12.486514823076337,0.9832176231954128,2022.0,4.0
1913120,Tears of Metal,1,0,0,0,0,0,0,0,0,0,0,0,0,1,1,1,0,1,0,0,0,0,1,0,0,0,0,0,0,0,0,0,0,0,0,1,0,0,0,1,0,0,0,0,0,0,0,0,0,0,0,1,0,1,1,1,26500.0,85.9,2341.0,7.758760544157663,0.859034600598035,2026.0,0.0
1801110,BOKURA,1,1,0,0,0,0,0,0,0,0,0,0,1,0,1,1,1,1,0,1,0,1,1,0,0,0,0,0,0,0,0,1,0,0,0,0,0,0,1,0,0,1,0,0,0,0,0,0,0,0,0,1,0,0,1,1,6250.0,91.53,12949.0,9.468851067127684,0.9152830334388756,2023.0,3.0
2408820,Luma Island,0,1,1,0,1,0,0,0,0,0,0,0,1,1,0,1,1,1,0,0,1,0,1,0,1,0,0,0,0,0,1,0,0,1,0,0,0,0,1,0,0,0,0,1,0,0,1,1,0,0,0,0,0,1,1,1,20500.0,84.16,12642.0,9.444858981311897,0.8416389811738649,2024.0,2.0
4148240,"Road to Empress ??""Adventure",0,0,0,0,0,0,0,0,0,0,0,0,1,0,0,0,0,0,0,0,0,1,0,0,0,0,0,0,0,0,0,0,0,0,0,0,0,0,0,0,0,0,0,0,0,0,0,0,0,0,0,0,0,0,0,0,9306.0,0.0,0.0,0.0,0.0,2024.0,2.0
457140,Oxygen Not Included,0,0,0,0,1,0,0,0,0,0,0,0,0,1,0,1,1,0,0,0,1,1,0,1,1,0,1,0,1,0,0,0,0,1,0,0,0,0,0,1,1,1,0,1,0,0,0,0,0,0,0,0,0,1,0,0,26000.0,96.72,143385.0,11.873295573371871,0.9672211179691041,2019.0,7.0
2288630,Taiko no Tatsujin: Rhythm Festival,0,0,0,0,0,0,0,0,0,0,0,0,1,1,0,1,0,0,0,0,0,0,0,0,0,0,0,0,0,0,0,0,0,0,1,0,0,0,1,1,0,0,0,0,0,0,0,0,0,0,0,0,0,1,1,1,39900.0,84.23,1598.0,7.377133712833954,0.8423028785982478,2024.0,2.0
305620,The Long Dark,0,1,0,1,1,0,0,0,0,0,0,0,0,1,1,0,1,1,1,1,1,1,0,1,1,0,1,0,1,0,0,0,0,1,0,0,0,1,0,1,0,0,0,0,0,0,0,1,0,0,0,0,0,1,0,0,21500.0,88.93,123348.0,11.722773014912075,0.8893293770470538,2017.0,9.0
1604270,Broken Arrow,0,0,0,1,0,0,0,0,0,0,0,0,0,1,0,1,0,0,0,0,0,0,0,0,0,0,1,0,0,0,0,0,0,0,1,0,1,0,0,1,0,0,0,0,0,1,0,0,1,0,0,0,0,1,1,1,53000.0,54.6,34649.0,10.453053004618049,0.5460186441167133,2025.0,1.0
2725260,ENDER MAGNOLIA: Bloom in the Mist,1,0,1,0,0,0,0,0,0,0,0,0,0,1,1,0,0,0,0,1,0,1,0,0,0,0,0,0,0,1,1,1,0,0,0,0,0,0,0,1,0,1,0,0,0,0,0,0,0,0,1,0,0,1,0,0,14850.0,95.36,18597.0,9.830809327038143,0.9535946658063128,2025.0,1.0
2692990,DON'T SCREAM TOGETHER,0,0,0,0,1,0,0,0,0,0,0,0,1,0,0,1,1,1,1,1,0,0,1,0,1,0,0,0,0,0,0,0,0,1,0,0,1,1,1,0,0,0,0,0,1,0,0,0,0,1,0,0,0,0,1,1,8900.0,50.07,2688.0,7.896924656268864,0.5007440476190477,2025.0,1.0
702540,Darkest Dungeon짰: The Shieldbreaker,0,0,1,1,0,0,0,0,0,0,0,0,0,0,0,0,0,0,0,0,0,1,0,0,0,0,1,0,0,0,1,0,0,0,0,0,0,0,0,0,0,0,0,0,0,0,0,0,0,0,0,0,0,1,0,0,2250.0,80.83,626.0,6.440946540632921,0.8083067092651757,2017.0,9.0
1515210,The Past Within,0,1,0,0,0,0,0,0,0,0,0,0,0,0,0,1,1,1,0,1,0,1,1,0,0,0,0,0,0,0,0,1,0,0,0,0,0,1,0,0,0,1,0,0,0,0,0,0,1,0,0,0,0,0,1,1,6700.0,94.63,16772.0,9.727525729694754,0.946279513474839,2022.0,4.0
2523720,Gears of War: Reloaded,1,0,0,0,0,0,0,0,0,0,0,0,0,1,1,1,0,0,0,0,0,0,1,0,0,1,0,0,0,0,0,0,0,0,1,1,1,1,0,0,0,0,0,0,1,0,0,0,0,1,0,0,0,1,1,1,11200.0,60.9,3780.0,8.237743803890933,0.608994708994709,2025.0,1.0
4268470,Rosalie,1,1,0,0,0,0,0,0,0,0,0,0,1,1,0,1,1,1,1,0,0,1,1,0,0,0,0,0,0,0,0,0,1,0,0,0,0,0,1,1,0,0,0,0,0,0,0,0,1,0,0,1,0,1,1,1,7800.0,93.24,296.0,5.6937321388027,0.9324324324324325,2026.0,0.0
1299591,Total War: THREE KINGDOMS - The Furious Wild,1,0,0,1,0,0,0,0,0,0,0,0,0,0,1,0,0,0,0,0,0,0,0,0,0,0,1,0,0,0,0,0,0,0,0,0,0,0,0,0,0,0,0,0,0,0,0,0,0,1,0,0,0,1,1,0,6800.0,53.33,810.0,6.698268054115413,0.5333333333333333,2020.0,6.0
2325290,Sky: Children of the Light,0,1,1,0,0,0,0,0,0,0,0,0,1,0,0,1,1,0,0,1,1,0,1,1,0,0,0,0,0,0,0,0,0,1,0,0,0,0,1,0,0,0,0,0,0,0,1,0,0,0,1,1,0,1,1,1,0.0,87.11,24918.0,10.123385843685309,0.8711373304438559,2024.0,2.0
3214610,Cinderia,1,1,1,0,0,0,0,0,0,0,0,0,0,0,1,0,1,0,0,1,0,0,0,0,0,0,0,0,0,0,1,0,0,0,0,0,0,0,0,0,0,0,0,0,0,0,0,0,0,0,0,1,0,1,0,0,19500.0,87.76,4680.0,8.45126704130007,0.8775641025641026,2026.0,0.0
2129530,REANIMAL,0,1,0,0,0,0,0,0,0,0,0,0,0,1,0,1,1,1,0,1,0,0,1,0,0,0,0,0,0,0,0,0,0,1,0,1,0,1,0,0,0,0,0,0,0,0,0,0,1,0,0,0,0,1,1,1,42000.0,74.94,24902.0,10.122743557123146,0.7493775600353385,2026.0,0.0
2399420,Le Mans Ultimate,0,0,0,1,1,0,1,1,0,0,0,0,0,1,1,1,0,0,0,0,0,0,1,0,1,0,0,0,0,0,0,0,0,0,1,0,1,1,0,0,0,0,0,0,0,0,0,0,0,0,0,0,0,1,1,1,55000.0,78.85,19628.0,9.884763343537848,0.7885164051355207,2025.0,1.0
2176130,Tower! Simulator 3,0,0,0,1,1,0,0,0,0,0,0,0,1,0,0,1,0,0,0,0,0,0,0,0,1,0,1,0,0,0,0,0,0,0,1,0,1,0,1,0,0,0,0,0,0,1,0,0,1,0,0,0,0,1,1,1,61000.0,67.96,1105.0,7.00850518208228,0.6796380090497738,2022.0,4.0
1509960,PICO PARK,1,0,0,0,0,0,0,0,0,0,0,0,1,0,1,1,0,1,0,0,0,1,1,0,0,0,0,0,0,0,0,0,1,0,0,0,0,1,1,1,0,1,0,0,0,0,0,0,0,0,0,0,0,0,1,1,5500.0,90.78,29923.0,10.306416112992295,0.9077966781405608,2021.0,5.0
2004210,Euro Truck Simulator 2 - West Balkans,0,0,0,0,1,0,0,0,0,0,0,0,0,1,1,1,1,0,1,1,1,1,0,0,1,0,0,0,0,0,0,0,0,1,0,0,1,0,0,0,0,0,1,0,0,0,0,0,0,0,0,0,1,1,1,1,11400.0,85.48,1859.0,7.528331766707247,0.8547606239913932,2023.0,3.0
1259420,Days Gone,1,1,0,0,0,0,0,0,0,0,0,0,0,1,1,1,1,0,0,0,1,0,0,0,0,0,0,0,1,0,0,1,0,0,0,1,0,1,0,0,0,0,0,0,1,0,0,1,0,1,0,0,0,1,0,0,44800.0,92.73,116504.0,11.665689469521858,0.9273243837121472,2021.0,5.0
2604420,Euro Truck Simulator 2 - Greece,0,0,0,0,1,0,0,0,0,0,0,0,0,0,0,1,0,0,0,0,1,1,0,0,1,0,0,0,0,0,0,0,0,0,0,0,0,0,0,0,0,0,0,0,0,0,0,0,0,0,0,0,0,1,1,1,10430.0,89.47,1348.0,7.207118856207756,0.8946587537091988,2024.0,2.0
1486920,Tempest Rising,1,0,0,1,0,0,0,0,0,0,0,0,0,1,1,1,0,0,0,0,0,0,0,0,0,0,1,0,0,1,0,0,0,0,1,0,0,0,0,0,0,0,0,0,0,0,0,0,1,0,0,0,0,1,1,0,37500.0,87.33,11840.0,9.379323364330956,0.8733108108108109,2025.0,1.0
3948120,Scritchy Scratchy,0,0,0,0,1,0,0,0,0,0,0,0,1,0,0,0,0,0,0,0,0,1,0,0,1,0,0,0,0,0,0,0,0,0,0,0,0,0,1,0,0,0,0,0,0,0,0,0,0,0,0,0,0,1,0,0,5750.0,94.45,14950.0,9.612533466213927,0.9445484949832776,2026.0,0.0
1997040,MARVEL SNAP,0,0,0,1,0,0,0,0,0,0,0,0,1,0,0,1,0,0,0,0,0,0,0,0,0,0,1,0,0,0,0,0,0,0,1,0,0,0,1,0,0,1,0,0,0,1,0,0,0,0,0,0,0,0,1,0,0.0,72.96,35118.0,10.466497573539566,0.7295688820547868,2023.0,3.0
1182900,A Plague Tale: Requiem,1,1,0,0,0,0,0,0,0,0,0,0,0,1,1,0,1,0,0,1,0,0,0,0,0,0,0,0,0,0,0,1,0,1,0,1,1,0,0,0,0,0,0,0,0,0,0,0,1,0,0,0,0,1,0,0,58000.0,90.78,26549.0,10.186785026670085,0.9077931372179743,2022.0,4.0
2157560,Granblue Fantasy Versus: Rising,1,0,0,0,0,0,0,0,0,0,0,0,0,1,1,1,0,0,0,0,0,0,0,0,0,0,0,0,0,1,0,1,0,0,1,0,0,0,0,0,0,0,0,0,0,0,1,0,0,0,1,0,1,1,1,0,54800.0,83.19,7050.0,8.860924729719041,0.8319148936170213,2023.0,3.0
2051620,Enlisted,1,0,0,0,0,0,0,0,0,0,0,0,0,1,1,1,0,1,1,0,0,0,1,0,1,1,0,1,0,0,0,0,0,0,1,0,1,0,0,0,0,0,0,0,1,0,0,0,1,0,0,0,1,0,1,1,0.0,80.16,46783.0,10.75329654310945,0.8016373468995148,2024.0,2.0
8930,Sid Meier's Civilization짰 V,0,0,0,1,0,0,0,0,0,0,0,0,0,1,0,1,0,1,0,0,0,0,0,0,1,0,1,0,0,1,0,0,0,0,0,0,0,0,0,0,0,0,1,0,0,1,0,0,0,0,0,0,0,1,1,0,32000.0,95.6,210529.0,12.2573834397646,0.9560345605593529,2010.0,16.0
2486820,Sonic Racing: CrossWorlds,1,1,0,0,0,0,0,1,0,0,0,0,0,1,0,1,0,1,0,0,0,0,1,0,0,0,0,0,0,0,0,0,0,0,1,0,0,0,0,0,0,0,0,0,0,0,1,0,1,0,0,0,0,1,1,0,31920.0,92.81,16657.0,9.720645860495285,0.9280782854055352,2025.0,1.0
2904000,The Spell Brigade,1,0,0,0,0,0,0,0,0,0,0,0,1,1,1,1,0,1,0,0,0,0,1,0,0,0,0,0,0,0,0,0,0,0,0,0,0,0,1,0,0,0,0,0,0,0,0,0,1,0,0,0,0,1,1,1,14500.0,81.38,16512.0,9.711903228462988,0.8138323643410853,2026.0,0.0
2891710,Total War: WARHAMMER III - Malakai ??Thrones of Decay,1,0,0,1,0,0,0,0,0,0,0,0,0,0,1,0,0,0,0,0,0,0,0,0,0,0,1,0,0,0,0,0,0,0,0,0,0,0,0,0,0,0,0,0,0,0,0,0,0,0,0,0,0,1,1,1,4500.0,85.07,1179.0,7.07326971745971,0.8507209499575912,2024.0,2.0
1649080,Two Point Campus,0,0,0,1,1,0,0,0,0,0,0,0,1,1,0,0,0,0,0,0,0,1,0,1,1,0,1,0,0,0,0,0,1,0,0,0,0,0,1,0,0,0,0,1,0,1,0,0,0,0,0,0,0,1,0,0,5700.0,87.75,8139.0,9.004545458996587,0.8775033787934635,2022.0,4.0
805550,Assetto Corsa Competizione,0,0,0,1,1,0,1,1,0,0,0,0,0,1,0,1,0,0,1,1,1,0,1,0,1,0,0,0,0,0,0,0,0,0,1,0,1,0,0,1,0,0,1,0,0,0,0,0,0,0,0,1,0,1,1,0,48000.0,92.67,47883.0,10.77653669837126,0.926675438046906,2019.0,7.0
2057760,Esoteric Ebb,0,0,1,0,0,0,0,0,0,0,0,0,0,1,0,0,1,0,0,1,0,0,0,0,0,0,0,0,0,0,1,1,1,1,0,0,0,0,0,0,0,0,0,0,0,0,1,0,0,0,0,0,0,1,0,0,21600.0,95.29,9112.0,9.117457244496126,0.9529192273924495,2026.0,0.0
1217060,Gunfire Reborn,1,1,1,0,0,0,0,0,0,0,0,0,0,1,1,1,1,1,1,0,0,1,1,0,0,1,0,1,0,0,1,0,0,0,0,0,0,0,0,0,0,0,0,0,0,0,0,0,0,0,0,1,0,1,1,1,20500.0,93.1,103580.0,11.548109194304711,0.9310291562077622,2021.0,5.0
1466860,Age of Empires IV: Anniversary Edition,0,0,0,1,0,0,0,0,0,0,0,0,0,1,0,1,0,1,0,0,1,0,1,0,0,0,1,0,0,0,0,0,0,0,1,0,0,0,0,0,0,0,0,0,0,0,0,0,1,0,0,0,0,1,1,1,39900.0,85.7,95210.0,11.463850760322995,0.8570423274866086,2021.0,5.0
3035120,Is This Seat Taken?,0,0,0,0,0,0,0,0,0,0,0,0,1,1,0,0,0,0,0,1,0,1,0,0,0,0,0,0,0,0,0,0,1,0,0,0,0,0,1,0,0,1,0,0,0,0,0,0,0,0,0,0,0,1,0,0,6990.0,97.35,9397.0,9.14825217966276,0.9735021815473023,2025.0,1.0
2688860,EZ2ON REBOOT : R - EVOLVE,1,0,0,1,0,0,1,0,0,0,0,0,1,1,1,0,0,0,0,0,0,0,0,0,0,0,0,0,0,0,0,0,0,0,1,0,0,0,1,1,1,0,0,0,0,0,0,0,0,0,0,1,0,1,1,1,25400.0,97.47,158.0,5.0689042022202315,0.9746835443037974,2024.0,2.0
933110,Age of Empires III: Definitive Edition,0,0,0,1,0,0,0,0,0,0,0,0,0,1,0,1,0,1,0,0,0,0,1,0,0,0,1,0,0,0,0,1,0,0,1,0,0,0,0,0,0,0,1,0,0,0,0,0,1,0,0,0,1,1,1,0,34800.0,85.88,54640.0,10.90853979568774,0.858803074670571,2020.0,6.0
1290000,PowerWash Simulator,0,0,0,0,1,0,0,0,0,0,0,0,1,1,0,1,0,1,1,0,0,1,1,1,1,0,0,0,0,0,0,1,1,0,0,0,1,0,1,0,0,0,0,0,0,0,0,0,1,0,0,0,0,1,1,1,29800.0,96.4,58572.0,10.978029118533572,0.9639930342143004,2022.0,4.0
1274570,DEVOUR,1,0,0,0,0,0,0,0,1,1,0,1,0,1,1,1,0,1,1,1,0,1,1,0,0,0,0,0,1,0,0,0,0,0,0,0,0,1,0,1,0,0,0,0,1,0,0,0,0,1,0,0,0,1,1,1,11000.0,90.48,88044.0,11.385603326394879,0.9048430330289401,2021.0,5.0
570940,DARK SOULS?? REMASTERED,1,0,0,0,0,0,0,0,0,0,0,0,0,0,1,1,1,1,0,1,0,0,0,0,0,0,0,0,0,1,1,1,0,1,0,1,0,0,0,1,0,0,0,0,0,0,1,0,0,0,1,0,0,1,1,0,43800.0,92.44,154244.0,11.946297526331401,0.9244443868156946,2018.0,8.0
284160,BeamNG.drive,0,0,0,0,1,0,0,1,0,0,0,0,0,1,1,1,1,0,1,0,1,0,0,1,1,0,0,0,0,0,0,0,1,1,0,1,1,0,0,0,0,0,1,0,0,0,0,0,0,0,0,1,0,1,0,0,27000.0,97.25,414528.0,12.934898214921954,0.9724674810869229,2015.0,11.0
492720,Tropico 6,0,0,0,1,1,0,0,0,0,0,0,0,0,1,0,1,0,1,0,1,0,0,0,1,1,0,1,0,0,0,0,1,1,0,0,0,0,0,0,0,0,0,0,1,0,0,0,0,0,0,0,0,0,1,1,1,14700.0,87.71,29377.0,10.28800137389136,0.877080709398509,2019.0,7.0
1755910,Capcom Arcade 2nd Stadium,1,0,0,0,0,0,0,0,0,0,0,0,0,1,1,1,0,0,0,0,0,0,0,0,0,0,0,0,0,0,0,0,0,0,0,0,0,0,0,0,0,1,0,0,0,0,0,0,1,0,0,0,1,1,1,1,0.0,68.49,1263.0,7.142036574706803,0.6848772763262074,2022.0,4.0
962130,Grounded,1,1,0,0,0,0,0,0,0,0,0,0,0,1,1,1,1,1,1,0,1,0,1,1,0,0,0,0,1,0,1,0,1,1,0,1,0,1,0,0,0,0,0,0,0,0,0,1,0,0,0,0,0,1,1,1,39900.0,89.73,95429.0,11.4661482734113,0.8972953714279727,2022.0,4.0
1670540,Total War: WARHAMMER III - Ogre Kingdoms,1,0,0,1,0,0,0,0,0,0,0,0,0,0,1,0,0,0,0,0,0,0,0,0,0,0,1,0,0,0,0,0,0,0,0,0,0,0,0,0,0,0,0,0,0,0,0,0,0,0,0,0,0,1,1,1,6000.0,54.67,706.0,6.561030665896573,0.546742209631728,2022.0,4.0
4791830,Dead by Daylight: Jason,1,0,0,0,0,0,0,0,0,0,0,0,0,0,1,1,0,1,1,1,0,0,1,0,0,0,1,0,1,0,0,0,0,0,0,1,0,1,0,1,0,0,0,0,1,0,0,0,0,1,0,0,0,0,1,1,5500.0,80.63,1296.0,7.167809184316444,0.8063271604938271,2026.0,0.0
714010,Aimlabs,1,1,0,0,1,0,0,0,0,0,0,0,1,0,1,0,0,1,1,0,0,0,0,0,1,1,0,1,0,0,0,0,0,0,1,0,0,0,1,0,0,0,0,0,0,0,0,0,1,0,0,0,1,1,0,0,0.0,91.05,136879.0,11.826859908566075,0.9105487328224198,2023.0,3.0
412020,Metro Exodus,1,0,0,0,0,0,0,0,0,0,0,0,0,1,1,0,1,0,1,1,1,0,0,0,0,1,0,1,1,1,0,1,0,1,0,0,0,1,0,0,1,0,0,0,1,0,0,0,0,1,0,0,0,1,0,0,4560.0,89.96,134989.0,11.812955980602872,0.8996214506367185,2020.0,6.0
534380,Dying Light 2 Stay Human: Reloaded Edition,1,1,1,0,0,0,0,0,0,0,0,0,0,1,1,1,1,1,1,0,1,0,0,0,0,0,0,0,1,0,0,0,0,1,0,0,0,1,0,0,0,0,0,0,1,0,0,0,0,1,0,0,0,1,1,1,66000.0,78.77,218632.0,12.295149803989899,0.7877117713783892,2022.0,4.0
2820820,Jotunnslayer: Hordes of Hel,1,0,1,0,0,0,0,0,0,0,0,0,0,1,1,0,0,0,0,1,0,1,0,0,0,0,0,0,0,0,1,0,0,0,0,1,0,0,1,0,0,0,0,0,0,0,0,0,1,0,0,0,0,1,1,1,16500.0,82.43,7700.0,8.94910546953925,0.8242857142857143,2025.0,1.0
1782120,ZERO Sievert,1,1,0,0,0,0,0,0,0,0,0,0,0,1,1,0,1,0,0,1,1,1,0,0,1,1,1,0,1,0,0,0,0,1,0,0,0,0,0,0,0,0,0,0,0,0,0,0,0,0,0,1,0,1,0,0,12900.0,84.59,15254.0,9.63266259715077,0.8459420479874131,2024.0,2.0
2380740,RimWorld - Anomaly,0,0,0,1,1,0,0,0,0,0,0,0,0,1,0,0,0,0,0,1,1,1,0,1,1,0,1,0,1,0,0,1,0,0,0,0,0,0,0,0,1,1,1,1,0,0,0,0,0,0,0,0,0,1,0,0,27000.0,80.23,3040.0,8.019941687677365,0.8023026315789473,2024.0,2.0
2877540,Heretical,1,1,1,0,0,0,0,0,0,0,0,0,0,1,0,0,0,0,0,1,0,0,0,0,0,0,0,0,0,0,1,1,0,0,0,0,0,0,0,0,0,0,0,0,0,0,0,0,0,0,0,1,0,1,0,0,7420.0,84.83,1015.0,6.923628628138427,0.8482758620689655,2024.0,2.0
2102730,Dead by Daylight - Resident Evil: PROJECT W Chapter,1,0,0,0,0,0,0,0,0,0,0,0,0,0,1,1,0,0,0,0,0,0,0,0,0,0,0,0,0,0,0,0,0,0,0,0,0,1,0,0,0,0,0,0,1,0,0,0,0,1,0,0,0,0,1,1,12500.0,84.46,965.0,6.873163834212518,0.844559585492228,2022.0,4.0
3601420,Casino Roulette: Roulettist,0,0,0,1,1,0,1,0,0,0,0,0,1,1,0,1,0,0,1,0,0,0,1,0,1,0,1,0,0,0,0,0,0,0,1,0,0,0,1,0,0,0,0,0,0,1,1,0,1,0,0,0,1,1,1,0,0.0,78.71,202.0,5.313205979041787,0.7871287128712872,2025.0,1.0
3070070,TCG Card Shop Simulator,0,0,0,0,1,0,0,0,0,0,0,0,0,1,0,0,0,0,1,0,0,1,0,1,1,0,0,0,0,0,0,0,0,0,0,0,0,0,1,0,0,0,0,0,0,0,0,0,1,0,0,1,0,1,0,0,21000.0,96.53,49081.0,10.801247647790849,0.9652818809722703,2024.0,2.0
2452280,Mecha BREAK,1,0,0,0,0,0,0,0,0,0,0,0,0,0,1,1,0,0,0,0,0,0,0,0,0,1,0,0,0,0,0,0,0,0,1,1,0,0,0,0,1,0,0,0,0,0,1,0,1,0,0,0,1,0,1,1,0.0,60.59,29078.0,10.277771543160718,0.6058532223674256,2025.0,1.0
1805480,Like a Dragon: Ishin!,1,1,0,0,0,0,0,0,0,0,0,0,0,1,1,0,1,0,0,0,1,0,0,0,0,0,0,0,0,1,0,1,1,0,0,0,0,0,0,0,0,0,0,0,1,0,0,0,0,1,0,0,0,1,0,0,11200.0,80.7,6383.0,8.761550139129644,0.8069873100422998,2023.0,3.0
2114740,Blasphemous 2,1,1,0,0,0,0,0,0,0,0,0,0,0,0,0,0,1,0,0,0,0,0,0,0,0,0,0,0,0,0,0,1,0,0,0,0,0,1,0,1,0,1,0,0,0,0,0,0,0,0,1,0,0,1,0,0,8700.0,90.68,21012.0,9.952896572793671,0.9067675613934895,2023.0,3.0
3533100,Wrap House Simulator?뙬,0,0,0,0,1,0,0,0,0,0,0,0,1,1,0,1,0,1,1,1,0,0,1,1,1,0,0,0,0,0,0,0,0,0,0,0,1,0,1,0,0,0,0,1,0,0,0,0,0,0,0,0,0,1,1,1,7350.0,88.02,3322.0,8.108623268354595,0.8801926550270921,2025.0,1.0
761890,Albion Online,0,0,1,0,0,0,0,0,0,0,0,0,0,1,1,1,0,1,0,0,1,0,0,1,0,0,1,0,1,0,1,0,0,0,1,0,0,0,0,1,0,0,0,0,0,0,0,1,0,0,1,0,1,0,1,0,0.0,78.47,93230.0,11.442835563394322,0.7846508634559691,2018.0,8.0
645390,Factorio: Space Age,0,0,0,1,1,0,0,0,0,0,0,0,1,1,0,1,0,1,0,0,1,1,0,1,1,0,1,0,1,0,0,0,0,0,0,0,0,0,0,0,0,1,1,1,0,0,0,1,0,0,0,0,0,1,1,1,40000.0,91.7,6795.0,8.824089482791823,0.9169977924944812,2024.0,2.0
2598510,Darkest Dungeon짰 II: The Binding Blade,0,0,1,1,0,0,0,0,0,0,0,0,0,0,0,0,0,0,0,0,0,1,0,0,0,0,1,0,0,0,1,0,0,0,0,0,0,0,0,0,0,0,0,0,0,0,0,0,0,0,0,0,0,1,0,0,7870.0,76.22,534.0,6.282266746896006,0.7621722846441947,2023.0,3.0
2891700,Total War: WARHAMMER III - Tamurkhan ??Thrones of Decay,1,0,0,1,0,0,0,0,0,0,0,0,0,0,1,0,0,0,0,0,0,0,0,0,0,0,1,0,0,0,0,0,0,0,0,0,0,0,0,0,0,0,0,0,0,0,0,0,0,0,0,0,0,1,1,1,4500.0,89.22,965.0,6.873163834212518,0.8922279792746114,2024.0,2.0
4321500,Raising a Happy NEET,0,0,1,0,1,0,0,0,0,0,0,0,1,1,0,0,0,0,0,1,0,1,0,0,1,0,0,0,0,0,1,1,1,0,0,0,0,0,1,0,0,1,0,0,0,0,0,0,0,0,0,0,0,1,0,0,7200.0,91.5,353.0,5.869296913133774,0.9150141643059491,2026.0,0.0
2073850,THE FINALS,1,0,0,0,0,0,0,0,0,0,0,0,0,0,1,1,0,1,1,1,0,0,1,0,0,1,0,1,0,0,0,0,0,0,1,0,1,0,0,0,0,0,0,0,0,1,1,0,0,0,0,0,1,0,1,1,0.0,78.26,274605.0,12.523092622040885,0.7826259536425046,2023.0,3.0
4492700,Mafia: The Old Country - Man of Honor,1,1,0,0,0,0,0,0,0,0,0,0,0,1,1,0,1,0,0,1,1,0,0,0,0,1,0,0,0,0,0,1,0,0,0,1,1,0,0,0,0,0,0,0,0,0,0,0,0,0,0,0,0,1,0,0,12000.0,65.71,417.0,6.035481432524756,0.657074340527578,2026.0,0.0
1689620,BLEACH Rebirth of Souls,1,0,0,0,0,0,0,0,0,0,0,0,0,1,1,1,0,0,0,0,0,0,0,0,0,0,0,0,0,1,0,1,0,0,1,0,0,0,0,0,0,0,0,0,0,0,0,0,1,0,0,0,0,1,1,0,69800.0,67.08,6981.0,8.851090687664982,0.6708207993124194,2025.0,1.0
3130750,Total War: WARHAMMER III - Skulltaker ??Omens of Destruction,1,0,0,1,0,0,0,0,0,0,0,0,0,0,1,0,0,0,0,0,0,0,0,0,0,0,1,0,0,0,0,0,0,0,0,0,0,0,0,0,0,0,0,0,0,0,0,0,0,0,0,0,0,1,1,1,4500.0,53.65,863.0,6.761572768804055,0.5365005793742758,2024.0,2.0
268500,XCOM짰 2,0,0,0,1,0,0,0,0,0,0,0,0,0,1,0,0,0,0,0,0,0,0,0,0,0,0,1,0,0,0,1,0,0,0,0,0,0,0,0,0,1,0,0,0,0,1,1,0,0,0,0,0,0,1,0,0,3670.0,84.65,109001.0,11.5991215096668,0.8464509499912845,2016.0,10.0
2479810,Gray Zone Warfare,1,0,0,0,1,0,0,0,0,0,0,0,0,0,1,1,0,0,0,0,1,0,1,0,1,1,0,1,1,0,0,0,0,0,1,0,1,0,0,0,0,0,0,0,0,1,0,0,0,0,0,1,0,0,1,1,48000.0,72.33,78413.0,11.26975776182509,0.7232984326578501,2024.0,2.0
2665680,Tower of Babel: Survivors of Chaos,1,1,1,1,0,0,0,0,0,0,0,0,0,1,1,0,0,0,0,0,0,1,0,0,0,0,0,0,1,0,0,0,0,0,0,0,0,0,0,0,0,1,0,0,0,0,1,0,0,0,1,1,0,1,0,0,14000.0,68.52,6341.0,8.754949455098293,0.6852231509225675,2026.0,0.0
1145360,Hades,1,0,1,0,0,0,0,0,0,0,0,0,0,1,1,0,0,0,0,1,0,1,0,0,0,0,0,0,0,1,1,1,0,0,0,0,0,0,0,1,0,0,0,0,0,0,0,0,0,0,0,0,0,1,0,0,27000.0,98.01,307739.0,12.63701054961137,0.9801032693288794,2020.0,6.0
391540,Undertale,0,0,1,0,0,0,0,0,0,0,0,0,0,1,0,0,0,0,0,0,0,1,0,0,0,0,0,0,0,1,1,1,1,0,0,0,0,1,0,0,0,1,0,0,0,0,0,0,0,0,0,0,0,1,0,0,10500.0,96.49,337410.0,12.729057050815083,0.9649180522213331,2015.0,11.0
1522820,Orcs Must Die! 3,1,1,0,1,0,0,0,0,0,0,0,0,0,1,1,1,1,1,0,0,0,0,1,0,0,0,1,0,0,0,0,0,1,0,0,1,0,0,0,0,0,0,0,0,0,0,0,0,1,0,1,0,0,1,1,1,7750.0,85.85,14872.0,9.607302767592598,0.8584588488434642,2021.0,5.0
753640,Outer Wilds,1,1,0,0,0,0,0,0,0,0,0,0,0,1,1,0,1,0,1,1,1,1,0,0,1,0,0,0,0,1,0,1,0,1,0,0,0,1,0,0,1,0,0,0,0,0,0,0,1,0,0,0,0,1,0,0,29500.0,95.61,106713.0,11.577907637679886,0.9560503406332874,2020.0,6.0
1169040,Necesse,1,1,1,0,0,0,0,0,0,0,0,0,0,0,1,1,1,1,0,1,1,1,1,1,0,0,0,0,1,0,1,0,0,1,0,0,0,0,0,0,0,1,0,1,0,0,0,1,0,0,0,1,0,1,1,1,16500.0,92.76,28716.0,10.265244560881653,0.9275665134419836,2025.0,1.0
3130740,Total War: WARHAMMER III - Golgfag ??Omens of Destruction,1,0,0,1,0,0,0,0,0,0,0,0,0,0,1,0,0,0,0,0,0,0,0,0,0,0,1,0,0,0,0,0,0,0,0,0,0,0,0,0,0,0,0,0,0,0,0,0,0,0,0,0,0,1,1,1,4500.0,59.4,830.0,6.7226297948554485,0.5939759036144578,2024.0,2.0
2754380,The Roottrees are Dead,0,1,0,0,0,0,0,0,0,0,0,0,0,1,0,0,1,0,0,1,0,1,0,0,0,0,0,0,0,0,0,1,0,0,0,0,0,0,1,0,0,1,0,0,0,0,0,0,0,0,0,0,0,1,0,0,15750.0,96.51,9715.0,9.181529290122063,0.9651055069480186,2025.0,1.0
965220,Total War: WARHAMMER II - The Prophet & The Warlock,1,0,0,1,0,0,0,0,0,0,0,0,0,0,1,0,0,0,0,0,0,0,0,0,0,0,1,0,0,0,0,0,0,0,0,0,0,0,0,0,0,0,0,0,0,0,0,0,0,1,1,0,0,1,1,0,5250.0,82.59,1327.0,7.191429330036379,0.825923134890731,2019.0,7.0
2574900,Total War: WARHAMMER III - Gorbad ??Omens of Destruction,1,0,0,1,0,0,0,0,0,0,0,0,0,0,1,0,0,0,0,0,0,0,0,0,0,0,1,0,0,0,0,0,0,0,0,0,0,0,0,0,0,0,0,0,0,0,0,0,0,0,0,0,0,1,1,1,4500.0,42.11,938.0,6.844815479208263,0.4211087420042644,2024.0,2.0
976730,Halo: The Master Chief Collection,1,0,0,0,0,0,0,0,0,0,0,0,0,1,1,1,1,1,1,1,0,0,1,0,0,1,0,1,0,1,0,1,0,0,0,0,0,1,0,0,1,0,0,0,0,0,0,0,0,0,0,0,0,1,1,1,49900.0,91.99,261841.0,12.475496547398258,0.9198826768917014,2019.0,7.0
3174070,Texas Hold'em Poker: Pokerist,0,0,0,1,1,0,1,0,0,0,0,0,1,1,0,1,0,0,0,0,0,0,1,0,1,0,1,0,0,0,0,0,0,0,1,0,0,0,0,0,0,1,0,0,0,1,1,0,1,0,0,0,1,1,1,0,0.0,66.05,3231.0,8.080856419640986,0.6604766326214794,2025.0,1.0
2350790,Moonlighter 2: The Endless Vault,1,1,1,0,0,0,0,0,0,0,0,0,0,1,1,0,1,0,0,0,0,0,0,0,0,0,0,0,0,0,1,0,0,1,0,0,0,0,0,0,0,0,0,0,0,0,0,0,0,0,1,1,0,1,0,0,32000.0,85.09,3065.0,8.028129059431759,0.8508972267536705,2025.0,1.0
1888930,The Last of Us??Part I,1,1,0,0,0,0,0,0,0,0,0,0,0,1,1,0,1,0,0,1,0,0,0,0,0,1,0,0,1,0,0,1,0,0,0,1,0,1,0,0,0,0,0,0,0,0,0,0,0,1,0,0,0,1,0,0,62800.0,84.32,107951.0,11.589441962867207,0.8431695862011468,2023.0,3.0
2325460,EZ2ON REBOOT : R - ENDLESS CIRCULATION,1,0,0,1,0,0,1,0,0,0,0,0,1,0,1,0,0,0,0,0,0,0,0,0,0,0,0,0,0,0,0,0,0,0,0,0,0,0,1,0,0,0,0,0,0,0,0,0,0,0,0,0,0,1,1,1,21980.0,100.0,176.0,5.176149732573829,1.0,2023.0,3.0
3330210,Kinny and the Cosmic Cauldron,0,0,0,1,0,0,0,0,0,0,0,0,1,1,0,0,0,0,0,0,0,0,0,0,0,0,1,0,0,0,0,0,0,0,0,0,0,0,1,1,0,1,0,0,0,0,0,0,0,0,0,0,0,1,0,0,14000.0,84.6,526.0,6.267200548541362,0.8460076045627376,2026.0,0.0
4508020,Hole Is Mine,0,1,0,0,1,0,0,0,0,0,0,0,1,1,0,0,0,0,0,0,0,1,0,0,1,0,0,0,0,0,0,0,0,0,0,0,0,0,1,0,0,1,0,0,0,0,1,0,0,0,0,0,0,1,0,0,6840.0,91.18,601.0,6.400257445308821,0.9118136439267887,2026.0,0.0
824270,KovaaK's,1,0,0,0,1,0,0,0,0,0,0,0,0,1,1,1,0,0,1,0,0,1,0,0,1,1,0,1,0,0,0,0,0,0,0,0,0,0,0,0,0,0,0,0,0,0,0,0,0,0,0,0,0,1,0,0,10500.0,92.96,41434.0,10.631881213283142,0.929623014915287,2018.0,8.0
2933200,Tukoni: Forest Keepers,0,1,0,0,0,0,0,0,0,0,0,0,1,1,0,0,1,0,0,1,0,0,0,0,0,0,0,0,0,0,0,1,1,0,0,0,0,0,1,0,0,1,0,0,0,0,0,0,0,0,1,0,0,1,0,0,6670.0,100.0,256.0,5.54907608489522,1.0,2026.0,0.0
1209460,Euro Truck Simulator 2 - Iberia,0,0,0,0,1,0,0,0,0,0,0,0,0,1,0,0,0,0,1,0,1,1,1,0,1,0,0,0,0,0,0,0,0,1,0,0,1,0,0,0,0,0,1,0,0,0,0,0,0,0,0,0,0,1,0,0,11400.0,77.67,2477.0,7.815207062189088,0.776746063786839,2021.0,5.0
1332010,Stray,0,1,0,0,0,0,0,0,0,0,0,0,0,1,1,0,1,0,0,1,1,1,0,0,0,0,0,0,0,0,0,0,0,1,0,1,0,1,0,0,1,0,0,0,0,0,0,0,0,0,0,0,0,1,0,0,32000.0,97.21,176895.0,12.083317268247232,0.972136012889002,2022.0,4.0
1594320,Captain of Industry,0,0,0,1,1,0,0,0,0,0,0,0,0,1,0,0,0,0,0,0,0,1,0,0,1,0,1,0,0,0,0,0,0,0,0,0,1,0,0,0,0,0,0,1,0,0,0,1,1,0,0,1,0,1,0,0,37500.0,90.26,11438.0,9.344783848525674,0.9026053505857667,2022.0,4.0
1135280,Dead by Daylight - Stranger Things Chapter,1,0,0,0,0,0,0,0,0,0,0,0,0,0,1,1,0,0,0,0,0,0,0,0,0,0,0,0,1,0,0,0,0,0,0,0,0,1,0,0,0,0,0,0,1,0,0,0,0,1,0,0,0,0,1,1,12500.0,90.39,4129.0,8.326032685955079,0.9038508113344635,2019.0,7.0
2706020,ALL WILL FALL,0,0,0,1,1,0,0,0,0,0,0,0,0,1,0,0,0,0,0,1,0,0,0,1,1,0,1,0,1,0,0,0,0,0,0,0,0,0,0,0,0,0,0,1,0,0,0,1,1,0,0,0,0,1,0,0,32000.0,77.78,1368.0,7.221835825288449,0.7777777777777778,2026.0,0.0
2513280,SONIC X SHADOW GENERATIONS,1,0,0,0,0,0,0,0,0,0,0,0,0,1,1,0,1,0,0,0,0,0,0,0,0,0,0,0,0,1,0,0,0,0,0,0,0,0,0,0,0,1,0,0,0,0,0,0,1,0,0,0,0,1,0,0,14940.0,96.63,15383.0,9.641083287268616,0.9662614574530326,2024.0,2.0
4318580,Dead by Daylight: Stranger Things Chapter 2,1,0,0,0,0,0,0,0,0,0,0,0,0,0,1,1,0,1,1,1,0,0,1,0,0,0,1,0,1,0,0,0,0,0,0,1,0,1,0,1,0,0,0,0,1,0,0,0,0,1,0,0,0,0,1,1,12500.0,68.91,862.0,6.760414691083428,0.6890951276102089,2026.0,0.0
1413480,Shin Megami Tensei III Nocturne HD Remaster,0,0,1,0,0,0,0,0,0,0,0,0,0,0,0,0,0,0,0,1,0,0,0,0,0,0,0,0,0,0,1,1,0,0,0,0,0,0,0,0,0,0,0,0,0,0,0,0,0,0,1,0,0,1,0,0,14940.0,87.12,5225.0,8.561401446080557,0.8711961722488039,2021.0,5.0
1977570,A Dance of Fire and Ice - Neo Cosmos,0,0,0,0,0,0,0,0,0,0,0,0,0,0,0,0,0,0,0,0,0,1,0,0,0,0,0,0,0,0,0,0,0,0,0,0,0,0,0,1,0,1,0,0,0,0,0,0,0,0,0,0,0,1,0,0,5500.0,79.2,1245.0,7.1276936993473985,0.7919678714859437,2022.0,4.0
780290,Gloomhaven,0,1,1,1,0,0,0,0,0,0,0,0,0,0,0,0,1,0,0,0,0,0,1,0,0,0,1,0,0,0,1,0,0,0,0,0,0,0,0,1,0,0,0,0,0,1,0,0,1,0,0,0,0,1,1,1,36900.0,81.97,16077.0,9.685207156887905,0.8197424892703863,2021.0,5.0
4104440,Dragon Traveler,0,0,1,1,0,0,0,0,0,0,0,0,0,1,0,1,0,1,0,0,0,0,0,0,0,0,1,0,0,0,1,1,1,0,1,0,0,0,0,0,0,0,0,0,0,0,0,0,1,0,0,0,1,1,1,1,0.0,65.21,526.0,6.267200548541362,0.6520912547528517,2026.0,0.0
4796830,WE ARE SO DEAD,0,1,1,1,1,0,0,0,0,0,0,0,1,0,0,1,0,1,0,1,0,1,1,0,0,0,0,0,1,0,0,0,1,1,0,0,0,1,1,0,0,0,0,0,0,0,0,0,0,0,0,1,0,0,1,1,5390.0,69.92,256.0,5.54907608489522,0.69921875,2026.0,0.0
3100310,Arms of God,1,0,1,0,0,0,0,0,0,0,0,0,1,1,1,0,0,0,0,0,0,0,0,0,0,0,0,0,1,0,1,0,0,0,0,0,0,0,1,0,0,0,0,0,1,0,0,0,1,0,0,1,0,1,0,0,13000.0,88.35,1829.0,7.512071245835466,0.8835429196282122,2026.0,0.0
3003460,Bang Bang Barrage,0,1,0,0,0,0,0,0,0,0,0,0,1,1,0,1,1,1,0,0,0,1,1,0,0,1,0,0,0,0,0,0,1,0,0,0,0,0,1,0,0,1,0,0,0,0,0,0,0,0,0,0,0,1,1,1,6670.0,95.88,1043.0,6.950814768442584,0.9587727708533078,2025.0,1.0
4938200,Snowed Under | ?よ뫊,0,1,0,0,1,0,0,0,1,0,0,1,1,0,0,0,1,0,1,1,1,0,0,0,1,0,0,0,0,0,0,0,0,1,0,0,0,1,1,0,0,0,0,0,0,0,0,0,1,0,0,0,0,1,0,0,7830.0,58.65,133.0,4.897839799950911,0.5864661654135338,2026.0,0.0
1527950,Wartales,0,1,1,1,0,0,0,0,0,0,0,0,0,1,0,1,1,1,0,0,1,1,1,1,0,0,1,0,1,0,1,1,0,1,0,0,0,0,0,0,0,0,0,0,0,0,0,0,0,1,0,0,0,1,1,1,36000.0,85.89,35506.0,10.477485139124067,0.8588970878161437,2023.0,3.0
4558480,ARK Tides of Fortune,1,1,1,0,0,0,0,0,0,0,0,0,0,1,1,1,1,0,0,0,1,0,0,1,0,0,0,0,1,0,1,0,0,0,1,0,0,0,0,0,1,0,1,1,0,0,1,1,0,0,1,0,0,1,1,1,31150.0,21.66,517.0,6.249975242259483,0.21663442940038685,2026.0,0.0
4689420,"Hachishakusama | ?ュ갰礪섅걣?꾠걼鸚뤶폂??""Adventure",0,0,0,0,0,0,0,0,0,0,0,0,1,0,0,0,0,0,0,0,0,0,0,0,0,0,0,0,0,0,0,0,0,0,0,0,0,0,0,0,0,0,0,0,0,0,0,0,0,0,0,0,0,0,0,0,20.0,0.0,0.0,0.0,0.5159235668789809,2024.0,2.0
1363080,Manor Lords,0,0,0,1,1,0,0,0,0,0,0,0,0,1,0,0,0,0,0,0,1,0,0,1,1,0,1,0,1,0,0,0,0,0,0,0,0,0,0,0,0,0,1,1,0,0,0,0,0,0,0,1,0,1,0,0,39900.0,84.19,90273.0,11.41060476882039,0.8418574767649242,2024.0,2.0
3570070,Paddle Paddle Paddle,0,0,0,1,0,0,1,1,0,0,0,0,1,1,0,1,0,1,0,0,0,0,1,0,0,0,0,0,0,0,0,0,0,0,0,0,0,0,1,0,0,0,0,0,0,0,0,0,1,0,0,0,0,1,1,1,5000.0,86.35,1766.0,7.4770384723196965,0.863533408833522,2025.0,1.0
3368610,Kingdom Come: Deliverance II Legacy of the Forge,1,1,1,0,0,0,0,0,0,0,0,0,0,1,1,0,1,0,1,1,1,0,0,0,0,0,0,0,0,0,1,1,0,0,0,0,1,0,0,0,0,0,0,0,0,0,0,0,1,1,0,0,0,1,0,0,9940.0,71.12,2192.0,7.693025748417888,0.7112226277372263,2025.0,1.0
3936730,STARDUST: Wish of Witch,0,0,1,1,0,0,0,0,0,0,0,0,0,0,0,0,0,0,0,0,0,1,0,0,0,0,1,0,0,0,1,1,0,0,0,0,0,0,0,0,0,1,0,0,0,0,0,0,0,0,1,0,0,1,0,0,27000.0,81.51,768.0,6.645090969505644,0.8151041666666666,2026.0,0.0
4121170,Fears to Fathom짰 - Scratch Creek,0,1,0,0,0,0,0,0,0,0,0,0,1,0,0,1,1,1,1,1,0,1,1,0,0,0,0,0,0,0,0,0,0,1,0,0,1,1,1,0,0,0,0,0,0,0,0,0,0,0,0,0,0,0,1,1,8700.0,75.56,7689.0,8.94767606249969,0.7556249187150474,2026.0,0.0
2936290,The Life and Suffering of Prince Jerian,0,0,1,0,0,0,0,0,0,0,0,0,0,1,0,0,0,0,0,1,0,0,0,0,0,0,0,0,0,0,1,1,0,0,0,0,0,0,0,0,0,1,0,0,0,0,0,0,0,0,1,0,0,1,0,0,26500.0,76.06,1550.0,7.346655163176539,0.7606451612903226,2026.0,0.0
1551360,Forza Horizon 5,1,1,0,1,1,0,1,1,0,0,0,0,0,1,1,1,1,1,1,1,1,0,1,0,1,0,0,0,0,0,0,0,0,1,1,0,1,0,0,0,0,0,0,0,0,0,0,0,0,0,0,0,0,1,1,1,59900.0,89.18,279181.0,12.53961917787804,0.8917548113947582,2021.0,5.0
