steamid,Action_weight,Adventure_weight,RPG_weight,Strategy_weight,Simulation_weight,Survival_weight
76561199478662488,0.2653353111791401,0.2498829142726655,0.2459806419251942,0.1662519597211181,0.0725491729018819,0.0
76561199058351895,0.2553703693718748,0.1952123443328578,0.1971366641124657,0.2030912260278214,0.1491893961549801,0.0
76561198007100949,0.286624419441863,0.2530662013898521,0.2868454600128191,0.1734639191554657,0.0,0.0
76561199222262354,0.2074125210932811,0.2121882678415389,0.207555012191644,0.1947554706269609,0.178088728246575,0.0
76561197964909627,0.1843771277664369,0.1675590750691175,0.1974713809304149,0.2355974999203466,0.2149949163136839,0.0
76561199783971190,0.2596369107211485,0.2173767451111749,0.1948617174585133,0.1160264061797216,0.2120982205294416,0.0
76561199699572362,0.2307780565969487,0.1671956569755718,0.1668911544083173,0.2098758524913711,0.2252592795277908,0.0
76561198268729880,0.233190871499135,0.1860625286536112,0.1944018758144398,0.1933371489903151,0.1930075750424986,0.0
76561198963902506,0.2646970095588521,0.2361650355548856,0.2511469599309283,0.0732103934288459,0.1747806015264879,0.0
76561199256004350,0.2448546203921819,0.2261795281215764,0.1845898430885386,0.1864632195461442,0.1579127888515587,0.0
76561198087896550,0.2813657798344361,0.2264629542755313,0.2190960974902787,0.0798988750511853,0.1931762933485685,0.0
76561198033904301,0.2222087641879213,0.214522542714214,0.2585839042143566,0.1453238994493939,0.159360889434114,0.0
76561199470516845,0.305144137412007,0.2747831199086927,0.1905818671531424,0.0,0.2294908755261577,0.0
76561198347513175,0.2959288297839553,0.2769069207794914,0.2611518773104335,0.05478494481396,0.1112274273121594,0.0
76561198992122481,0.282099672789485,0.1854521184975604,0.1745852984234288,0.1309194135174139,0.2269434967721117,0.0
76561199589538204,0.2452059116146794,0.2402130859691646,0.2359617475765454,0.1753256625966893,0.1032935922429212,0.0
76561199483983127,0.2933053801745145,0.2094322001230584,0.2043265282615596,0.1222477270191584,0.1706881644217089,0.0
76561198144180358,0.2732461828031665,0.1868886914345964,0.1651603262552993,0.1771431759266447,0.1975616235802929,0.0
76561199222145594,0.2549190315253113,0.2269941604852099,0.2225687228020114,0.0942930509619432,0.2012250342255241,0.0
76561199250115440,0.2600512073578395,0.2479227950796727,0.1838197358101291,0.130743476091825,0.1774627856605335,0.0
76561198162182031,0.2667829264036134,0.2294046463030666,0.212188864184815,0.1298405488365596,0.1617830142719454,0.0
76561198142992067,0.2495562468407825,0.218147967696597,0.214914351239468,0.164406049780372,0.1529753844427802,0.0
76561199639237662,0.3235275588266124,0.2722450645960231,0.2042737811062406,0.0,0.1999535954711238,0.0
76561198286525675,0.2793939034502423,0.2229062944504669,0.1832364344353264,0.1280768766870103,0.1863864909769541,0.0
76561199192245348,0.2493606111460895,0.2158139000658388,0.2162190713474126,0.2034064426575744,0.1151999747830845,0.0
76561199163970610,0.2694923847998818,0.2080474134760082,0.1004579913017746,0.1813142979963608,0.2406879124259744,0.0
76561198438587738,0.2260823402048938,0.1868652535838958,0.1685797826763532,0.2032158013673276,0.2152568221675296,0.0
76561199520743247,0.3485397089018556,0.2102145009924866,0.1984009413696595,0.0,0.2428448487359982,0.0
76561199181453644,0.2364309816384026,0.1628849026024237,0.1933337630644659,0.1933257049402724,0.2140246477544351,0.0
76561199551749900,0.2427822667945283,0.2109341334368297,0.1594338175511543,0.1810377799581241,0.2058120022593633,0.0
76561198248263124,0.2775814016148175,0.2111735404274922,0.2101454052103974,0.1304390642287354,0.1706605885185573,0.0
76561198972795993,0.3066291442272991,0.266328462094596,0.2015264720493348,0.0,0.2255159216287701,0.0
76561198981659881,0.2510334205835755,0.2305350766705666,0.1885608875963449,0.0972762769354943,0.2325943382140187,0.0
76561199160326290,0.2435215299737883,0.2105902455372444,0.2026381804547143,0.1786640739722245,0.1645859700620283,0.0
76561198345413393,0.2595071427488816,0.2071840072554068,0.1904507436311497,0.1450467286124525,0.1978113777521092,0.0
76561198974123949,0.2377179652270805,0.2039963686126164,0.2101030967265786,0.1634375484092723,0.184745021024452,0.0
76561198122741582,0.3109613733911745,0.1230277424110378,0.1759223230196579,0.1978994679552157,0.1921890932229139,0.0
76561199442146005,0.2063315559458716,0.2309673050415717,0.1964683021217965,0.1872162120554472,0.1790166248353127,0.0
76561199557989035,0.3714280612297682,0.202930097379821,0.1232003752013604,0.0468506082847039,0.2555908579043464,0.0
76561199080918647,0.2826132988888952,0.220795573220569,0.0953493738249492,0.1560383823224911,0.2452033717430954,0.0
76561199008988100,0.3187682462107865,0.1888669635205726,0.1232043644481316,0.1471476765232234,0.2220127492972856,0.0
76561199489499857,0.2692368563814851,0.2119182456447789,0.1714857995483049,0.1266749267592845,0.2206841716661465,0.0
76561199828159495,0.2661490430754754,0.228568375278388,0.1111449244434901,0.1538141386255128,0.2403235185771335,0.0
76561199469179667,0.271423742580029,0.2274510162391256,0.2203371109116888,0.0,0.2807881302691565,0.0
76561199651436954,0.2584869137040671,0.1464557770672527,0.1756047059424113,0.2113096107579588,0.2081429925283098,0.0
76561199795834891,0.2681201086709823,0.2375868757742927,0.2471313126280196,0.1340774893595916,0.1130842135671137,0.0
76561198030700598,0.2332958415204262,0.1858856801685829,0.2048316284829039,0.1863648774654619,0.189621972362625,0.0
76561198047882234,0.2253454109322733,0.156463921602052,0.1909382005715921,0.2141039093380977,0.2131485575559847,0.0
76561199171022045,0.2121027374168404,0.2010719599202589,0.2018206241672507,0.1872606777584512,0.1977440007371987,0.0
76561198332366336,0.2330622284225313,0.1645710440194953,0.1760622843787825,0.2060073283158803,0.2202971148633104,0.0
76561198869428936,0.2436873914614546,0.1711623141028565,0.1920895474712668,0.1964301168890322,0.1966306300753897,0.0
76561198870768812,0.2436596886542074,0.2062319355189517,0.2160471825933853,0.2014803461391083,0.1325808470943471,0.0
76561198439220419,0.3033045954498756,0.1861108688739536,0.2192170515736432,0.167105685954107,0.1242617981484206,0.0
76561198437664846,0.2332967842868611,0.1824268717508981,0.1896410965411463,0.215524518716121,0.1791107287049733,0.0
76561199589158503,0.2850518287452905,0.2719933581726977,0.0991725714403101,0.1049637587893155,0.2388184828523859,0.0
76561198862661273,0.2497740374563347,0.1928289476544334,0.2128019376347432,0.171780370526082,0.1728147067284066,0.0
76561199645738773,0.2600120090015809,0.2179085335652444,0.2303036624105668,0.1311094959482366,0.160666299074371,0.0
76561198256116084,0.3832666176382015,0.2585047491255265,0.0872289897140869,0.1023073925986325,0.1686922509235525,0.0
76561199143328855,0.243998194065456,0.1779865552809598,0.2133992068278588,0.1529337995352096,0.2116822442905156,0.0
76561199491642775,0.2549465323827518,0.1436494247012102,0.1057138653219036,0.1300135377629969,0.3656766398311374,0.0
76561199135781565,0.3158057651040605,0.1849965392511258,0.0459379815645383,0.1644757676404913,0.2887839464397839,0.0
76561199068146505,0.2555117790098446,0.1939169885929749,0.1515167049265169,0.1605846624393291,0.2384698650313342,0.0
76561198328407838,0.2612206807722873,0.2373836409457524,0.2043081982022499,0.1079410664759757,0.1891464136037347,0.0
76561199034795612,0.2848092613682832,0.2027695351236035,0.1505351243697627,0.1487187856983338,0.2131672934400166,0.0
76561199504742246,0.242829296514262,0.2077111095212844,0.2042683751221502,0.1222161009095764,0.2229751179327268,0.0
76561198988021642,0.2520378466072676,0.223011044941363,0.0741766010112051,0.1958469817059254,0.2549275257342386,0.0
76561198350976816,0.2643836589243827,0.2185617361857776,0.1904163798847546,0.1521678921959685,0.1744703328091164,0.0
76561198807749950,0.2242677330330691,0.1927988240709137,0.1913356487857225,0.1854682303158216,0.2061295637944729,0.0
76561199362890720,0.2690154404553772,0.2034343781279682,0.1167719270502015,0.1697993777968441,0.2409788765696088,0.0
76561198852781577,0.2552365741293328,0.1959874727769212,0.2130098909385056,0.189957751119407,0.1458083110358333,0.0
76561198027570687,0.2196276149324028,0.2029029290204928,0.2138771736484769,0.1587012533174276,0.2048910290811997,0.0
76561197960612825,0.2374071863992484,0.223302007047569,0.1933906733283182,0.1831493536329047,0.1627507795919595,0.0
76561198375365129,0.258478411271361,0.2313234216974073,0.2230454226384556,0.1400889516402251,0.1470637927525507,0.0
76561199441452962,0.2875059515968239,0.2585556575933908,0.2490954695848219,0.1024214606124816,0.1024214606124816,0.0
76561198845632839,0.2338302975246002,0.2068906853907693,0.2155018387143655,0.1930312946546751,0.1507458837155898,0.0
76561199070380893,0.2928563815229434,0.2560893422700341,0.2083145388784305,0.1781902245409986,0.0645495127875932,0.0
76561199133897762,0.3250294743595697,0.2815689129778091,0.1943306995161124,0.0,0.1990709131465086,0.0
76561199148775972,0.247419025069267,0.2419595219169985,0.2219179872463522,0.1559754098824996,0.1327280558848827,0.0
76561199190983452,0.270037013509166,0.2554994304755623,0.1572536945870341,0.1890080510753557,0.1282018103528817,0.0
76561198168362702,0.2438657144766421,0.2308206069302533,0.1933820061777803,0.1399680966962142,0.1919635757191099,0.0
76561197986853412,0.2364488065200288,0.2153853398229324,0.245159856981962,0.1486498226008986,0.1543561740741779,0.0
76561198273602004,0.2743575841520545,0.2399076688726022,0.2161472885948798,0.1090307565516914,0.160556701828772,0.0
76561199872409865,0.2305985357482577,0.220411522015321,0.2254526570522729,0.1768055807553187,0.1467317044288295,0.0
76561198833867588,0.4225120821432126,0.3124911269303185,0.2649967909264689,0.0,0.0,0.0
76561199875754390,0.3241869309370667,0.1790605990710048,0.2432162438336162,0.0128447236504555,0.2406915025078567,0.0
76561198400702869,0.2238971571176373,0.2151174093762728,0.1819273653424686,0.182371883092052,0.1966861850715691,0.0
76561198818769123,0.211882007545566,0.2269619274497281,0.1725603550974254,0.1641223258971009,0.2244733840101795,0.0
76561199019851662,0.290164075311997,0.1963252272862613,0.197223613910135,0.1221256135126492,0.1941614699789574,0.0
76561199200202957,0.311938238271374,0.2258353071413689,0.2067066729616557,0.1224047655424638,0.1331150160831375,0.0
76561198986771778,0.3087227498394145,0.275326895872014,0.2597353498499716,0.0,0.1562150044385998,0.0
76561199177799021,0.2378242302455273,0.2104715098609735,0.1767525060751084,0.1769521763395994,0.1979995774787913,0.0
76561199798719870,0.2981106884458281,0.2096219762801814,0.1701036203518654,0.1356479657789203,0.1865157491432047,0.0
76561198302298927,0.2293950779948103,0.1964088520478563,0.2286915781469935,0.1438393873646581,0.2016651044456815,0.0
76561199113407300,0.2414302208732444,0.2026093376871355,0.2252673775809805,0.1240155158711441,0.2066775479874954,0.0
76561198070426327,0.2413191313339439,0.2039805290395916,0.1935817044024659,0.185159667033862,0.1759589681901364,0.0
76561198833276319,0.248948659302367,0.2143195290557371,0.203646140650924,0.1319895708876904,0.2010961001032813,0.0
76561199738119259,0.2314456011369853,0.1816236928579576,0.2079615885169945,0.1630834467096155,0.2158856707784469,0.0
76561199521001438,0.2449631897271627,0.2273275099647968,0.1865507444164147,0.1516723417144053,0.1894862141772204,0.0
76561199050075632,0.2561222934762886,0.2193922038761405,0.2112893202290888,0.1088737297685795,0.2043224526499024,0.0
76561199120414873,0.2834203741383968,0.2808990341270185,0.2656743566643472,0.0894035366946573,0.0806026983755801,0.0
76561199680990806,0.2299027850397216,0.2218741093627722,0.2094325693984029,0.1521290823826774,0.1866614538164256,0.0
76561198038973945,0.2329700208803828,0.2267243757284019,0.2244494136653003,0.1540426486320202,0.1618135410938947,0.0
76561199142951886,0.2473972260421624,0.2287116769385233,0.1966567112395565,0.1508004853412949,0.1764339004384628,0.0
76561199097247135,0.2478548247964569,0.20868549158188,0.1839201462960708,0.1774636737843962,0.182075863541196,0.0
76561198954743459,0.2440123334610714,0.2226412945379449,0.2043094192441845,0.1342608321151561,0.194776120641643,0.0
76561199433626235,0.2924802093797508,0.2119912524386652,0.2099692463995294,0.0346717534641294,0.2508875383179249,0.0
76561198172594941,0.2389543631173979,0.2023418442194959,0.1765941151566764,0.1799309821435661,0.2021786953628634,0.0
76561199003732668,0.2040130705401633,0.1988178718804335,0.2065982174565529,0.2054589983826726,0.1851118417401776,0.0
76561198130015375,0.2298784296967364,0.1837413056454376,0.1965223235970741,0.1931957602709165,0.1966621807898351,0.0
76561198181134839,0.24990060491276,0.2160049979780093,0.2201387303877804,0.114310284119955,0.1996453826014951,0.0
76561198202541610,0.245858686064724,0.1933523633477394,0.1620041475555363,0.226106304160898,0.1726784988711021,0.0
76561199808319799,0.246450136580179,0.2016709729030781,0.2031346210976211,0.1390185434459671,0.2097257259731544,0.0
76561199154157581,0.2370823424764232,0.202066783608735,0.1738200095288041,0.1434351399141969,0.2435957244718406,0.0
76561198042424940,0.2250626876073719,0.1889051816145819,0.215998692043847,0.1684786348445169,0.2015548038896821,0.0
76561198975990427,0.2927374496383721,0.2445060186323083,0.2446182815480164,0.2181382501813031,0.0,0.0
76561198092225547,0.2179132111333163,0.2045026916513201,0.2237776163385059,0.1635771951645377,0.1902292857123199,0.0
76561199365659108,0.239859535554151,0.2031034042990881,0.2044522970537921,0.1679907869174732,0.1845939761754955,0.0
76561198870279063,0.261610363100518,0.2202683543362933,0.0878904492097911,0.1848895470561344,0.2453412862972631,0.0
76561199729570190,0.3557520644941286,0.3194112746405379,0.3248366608653334,0.0,0.0,0.0
76561198117983678,0.2455510353766849,0.1963452856184862,0.1737081356928827,0.236324117414206,0.1480714258977401,0.0
76561198425842216,0.2065484611062923,0.2146886828083719,0.1782689188602912,0.1906235852169647,0.2098703520080796,0.0
76561199315863592,0.2545496107756542,0.1991606832003476,0.188466949498066,0.1809266952811775,0.1768960612447545,0.0
76561199264732687,0.2571785881419733,0.2242163735737748,0.1795862733728175,0.1711694577045926,0.1678493072068416,0.0
76561199217005171,0.3046762897145297,0.2745788606428679,0.2992460721535854,0.1214987774890167,0.0,0.0
76561198338661363,0.2520454819832821,0.1861035440802258,0.1847654177562481,0.1807232796805257,0.1963622764997182,0.0
76561198154693814,0.2658267576884988,0.2097317021986729,0.2039281969813776,0.1473346480848505,0.1731786950466002,0.0
76561199105469404,0.2645325553623371,0.2428303261247813,0.1735377422077536,0.0810210113014069,0.2380783650037208,0.0
76561198961057393,0.3826620711251651,0.3231797555469499,0.2941581733278851,0.0,0.0,0.0
76561198059495299,0.2727821664752648,0.2654544594744751,0.2716207149087574,0.1901426591415025,0.0,0.0
76561198888074333,0.2623824353022909,0.2218571697920669,0.2087530086498307,0.14727808536199,0.1597293008938215,0.0
76561199185957759,0.2240178466852272,0.2007349213714355,0.1985399757363265,0.1889636913909704,0.1877435648160402,0.0
76561199571958168,0.2837474651474533,0.271913106592665,0.2014177087299101,0.0367956022086538,0.2061261173213178,0.0
76561199061428348,0.2425800638796056,0.2128302967698074,0.1763701453784958,0.1289337334143687,0.2392857605577224,0.0
76561199268363521,0.2415327777556492,0.2171757401634286,0.1974520390365605,0.1430293578016576,0.2008100852427039,0.0
76561198448175035,0.2426517944175526,0.2133328007012671,0.2126944151717667,0.2097405069673332,0.1215804827420802,0.0
76561199795377753,0.2325333269625744,0.1967291933262953,0.1925392067492344,0.1233944939686678,0.254803778993228,0.0
76561198269218599,0.2720993525748718,0.215361895311183,0.2119389782087442,0.1814662832829113,0.1191334906222896,0.0
76561198344803968,0.2627825622797721,0.2412228729375955,0.1171538869402846,0.1505264995485865,0.2283141782937612,0.0
76561198847902117,0.2493564265011536,0.221767246657617,0.2156235053802797,0.1757629554922574,0.1374898659686923,0.0
76561199221523939,0.2828920962009043,0.2390878117841159,0.2450583877150934,0.0,0.2329617042998862,0.0
76561199229183744,0.2605431885601122,0.1851396150306042,0.1762374701492244,0.1367117442139729,0.2413679820460861,0.0
76561199161773396,0.3164738601305827,0.2182806638023532,0.2702994187918564,0.0,0.1949460572752075,0.0
76561199163724629,0.2595776349246794,0.2101706499781803,0.1972160512218819,0.1719155479064425,0.1611201159688157,0.0
76561198277899306,0.2275138379442463,0.2121484102181611,0.1484820175538416,0.2001020215332546,0.2117537127504962,0.0
76561199696739033,0.2677164038300185,0.1990858018110985,0.257110960966348,0.1002085103989896,0.1758783229935453,0.0
76561199080519974,0.2193844352125898,0.2061660010432842,0.1676635176126306,0.1878677047795307,0.2189183413519647,0.0
76561199510293669,0.2745733976474477,0.244277591359525,0.2103286872021264,0.0604652851337504,0.2103550386571503,0.0
76561199682596889,0.2413675781433192,0.192083709089886,0.2233784381619834,0.1525013299300611,0.1906689446747503,0.0
76561199073816082,0.3923030056294223,0.2111611906313386,0.231577686921506,0.0225916775175471,0.1423664393001856,0.0
76561199266425816,0.2309265855176157,0.2027448468648444,0.1977200594990735,0.183531797415456,0.18507671070301,0.0
76561198853188317,0.2211522489717647,0.185810930946088,0.1956965632500893,0.1630103485223819,0.234329908309676,0.0
76561198033159937,0.2163786964578661,0.2086131167860898,0.2089726243907123,0.1978517263127412,0.1681838360525903,0.0
76561199811370756,0.2923624185296602,0.2168185458879576,0.1137693837404163,0.1527391149969069,0.2243105368450589,0.0
76561199575139982,0.2628736468925299,0.224861550742611,0.2135673603608078,0.1136351104104513,0.1850623315936,0.0
76561199517455475,0.2322561592384215,0.191581610204727,0.213796117119068,0.1720539060177159,0.1903122074200673,0.0
76561198900476414,0.267016448272585,0.1650173557641568,0.2006412057890605,0.1447255520758456,0.2225994380983521,0.0
76561199739359982,0.2669594428359528,0.2055747627772932,0.1325711552797712,0.2225133502457908,0.1723812888611918,0.0
76561199021482467,0.2263463241216757,0.2081028840442517,0.1968363566398402,0.1654482081712966,0.2032662270229356,0.0
76561199218919589,0.2280704063893478,0.1604636577843485,0.1938945542302504,0.2169485381910604,0.2006228434049928,0.0
76561199097156418,0.333908778398161,0.2160430852012481,0.1783587656143752,0.0304330118638394,0.241256358922376,0.0
76561198706984079,0.3314228725098923,0.2747969528930077,0.2280229774646973,0.0264785493315109,0.1392786478008917,0.0
76561199448991262,0.2524917477568382,0.2159728611430038,0.2084928742276717,0.1826303226988466,0.1404121941736394,0.0
76561199252400135,0.2620666703681475,0.2019825292627488,0.2006029749958409,0.1732448297634549,0.1621029956098076,0.0
76561198391845269,0.2624287760703584,0.2053022873024149,0.1986757472330012,0.1869559252139661,0.1466372641802593,0.0
76561199126787166,0.2190789400081676,0.2189031093555302,0.1575158177465736,0.1758314843940222,0.2286706484957062,0.0
76561199579773295,0.2539023194013213,0.2292893826644209,0.1787772655232321,0.1659390516380836,0.1720919807729418,0.0
76561199653622095,0.2137836090242543,0.1690156927390158,0.184762619244417,0.1935492320255599,0.2388888469667529,0.0
76561199488596444,0.3103054050005249,0.2325908947296159,0.2031659098404922,0.0952611835013498,0.158676606928017,0.0
76561198035678145,0.239017074702836,0.2101202872401874,0.1764615223956543,0.1632048709215168,0.2111962447398053,0.0
76561198078942414,0.2605139096064606,0.2024925941001381,0.1807988897794197,0.1644685328886542,0.1917260736253274,0.0
76561199175895006,0.2650329963333225,0.2130443766132936,0.2147719675240903,0.1478475527343475,0.1593031067949459,0.0
76561199177743352,0.2769323843046991,0.2629036328653998,0.222243435134231,0.0,0.2379205476956701,0.0
76561199108308292,0.2926014552485428,0.2140255585746283,0.1632995278951423,0.1395429539615681,0.1905305043201185,0.0
76561198165565385,0.2848586973753409,0.190574994215583,0.1702051461879074,0.2126954788038564,0.1416656834173121,0.0
76561198343083907,0.2465119248023508,0.2421757249849239,0.2398329641977575,0.0515565411214468,0.2199228448935209,0.0
76561199819516004,0.3024259142337503,0.2422811154859337,0.1103817764803067,0.0708648134196655,0.2740463803803437,0.0
76561198390714886,0.2726675166518172,0.2112725147860454,0.233805712651012,0.1016680060836481,0.1805862498274772,0.0
76561198001075422,0.2814091391460578,0.2492368364357736,0.208615835619612,0.0,0.2607381887985565,0.0
76561198136484955,0.255519464704929,0.1794374085971381,0.1679825872961327,0.2350107020872787,0.1620498373145214,0.0
76561198252530300,0.2655235108637152,0.2201216230377164,0.2232304648064428,0.1356945234661462,0.1554298778259792,0.0
76561199801101431,0.3148145314513928,0.2786417594596537,0.2024407131770912,0.0,0.2041029959118621,0.0
76561199031051001,0.2032570690842646,0.1866766611020575,0.2028383942232661,0.2081739725052701,0.1990539030851416,0.0
76561198325641981,0.2580210268511251,0.2111977714624661,0.2172892371739867,0.1200676445881051,0.1934243199243168,0.0
76561198046544865,0.2906852066340572,0.2362972168379356,0.2372240217744672,0.0867057083897878,0.1490878463637521,0.0
76561198452163269,0.3126384937005693,0.2219249819587784,0.1861660811086858,0.1488091508876893,0.130461292344277,0.0
76561198329030307,0.2741798016482336,0.229014942470068,0.2060250431612988,0.1560823917816247,0.1346978209387747,0.0
76561198380711412,0.2355639439904215,0.2278653243317934,0.2167220251845489,0.1720664397787753,0.1477822667144606,0.0
76561198095755900,0.2242824247409091,0.1921265208682918,0.1993938974825714,0.2127388620439768,0.1714582948642508,0.0
76561199177263814,0.3183611100317812,0.2375185227826063,0.1431961579276111,0.1018466875820129,0.1990775216759883,0.0
76561198167407399,0.162389306145862,0.1786980570805066,0.1859789619006615,0.245347319596318,0.2275863552766517,0.0
76561198067362761,0.2519153613784105,0.1883875036411321,0.1657809945541629,0.2483371090357168,0.1455790313905774,0.0
76561198040275236,0.2350793087811984,0.2141830796111443,0.2383267614017123,0.1773577979296487,0.1350530522762961,0.0
76561199010548373,0.3361906810124657,0.2011174624867451,0.1731936723459074,0.0990845364510937,0.190413647703788,0.0
76561198268967656,0.2096215303263092,0.204525871304587,0.2089963152071798,0.1592775165025775,0.2175787666593463,0.0
76561198365702929,0.3052771342733024,0.2520893120979869,0.173920562049576,0.0,0.2687129915791346,0.0
76561199034190035,0.3076612664772875,0.2459996694112842,0.0747914195514109,0.1719990553112416,0.1995485892487757,0.0
76561199627864130,0.2334880561815496,0.1955457633757816,0.2253476125487515,0.1176482828186174,0.2279702850752998,0.0
76561198447217647,0.3007518984662651,0.2720660235083171,0.3187558180768954,0.0,0.1084262599485223,0.0
76561199167276604,0.3156327764517696,0.3303509637899134,0.1263595917550234,0.0,0.2276566680032936,0.0
76561198220559105,0.2462465326475279,0.1919767597436768,0.1601593140225125,0.1807163755285358,0.220901018057747,0.0
76561199035689662,0.3603357340250921,0.3272951743395443,0.0,0.1371178665292589,0.1752512251061044,0.0
76561199140016913,0.3085514884980019,0.2667118392340237,0.2056614877432093,0.035910960484255,0.18316422404051,0.0
76561198176903937,0.2264276629128909,0.2294394014607317,0.2158920100938364,0.1637466305537556,0.1644942949787852,0.0
76561199592008364,0.2549258084354233,0.2197780925998449,0.1961314293545638,0.0937398418602798,0.2354248277498881,0.0
76561198139915980,0.244695611160024,0.1499514518736317,0.2058689326458478,0.2073983927536923,0.192085611566804,0.0
76561197995730646,0.2384454903402337,0.1989625876277473,0.1974868874339504,0.1848445814095841,0.1802604531884844,0.0
76561198330374062,0.2258735590697219,0.2203357689056558,0.2284605189074637,0.150390233799275,0.1749399193178836,0.0
76561199422202390,0.2797145466479763,0.25641884803192,0.0874940449838341,0.1032166845384667,0.2731558757978027,0.0
76561198423335954,0.2280964750553857,0.2139333931268479,0.2258078573906204,0.1733803205287759,0.1587819538983698,0.0
76561198119156573,0.274332666603908,0.2166363150930876,0.1762487963914864,0.1478542738328217,0.1849279480786961,0.0
76561198123908949,0.2599845006499275,0.2342420172645705,0.2243978165208792,0.1286129662217541,0.1527626993428685,0.0
76561198742491552,0.3352490430417091,0.2593876974732714,0.1308389742104266,0.0703376037653641,0.2041866815092287,0.0
76561198016615227,0.2364673032011462,0.2146616972956796,0.2199425874874934,0.1685218785028526,0.160406533512828,0.0
76561199032352779,0.2625769400169037,0.2369371719161416,0.1952306457799404,0.1242810142746562,0.1809742280123578,0.0
76561199122736062,0.2392783240531379,0.1921924007921335,0.1924158968013049,0.2170408959484552,0.1590724824049685,0.0
76561199071908460,0.2458721850956858,0.2332534929153627,0.1235149997891616,0.0927517418020186,0.3046075803977711,0.0
76561199657362718,0.1772119588975258,0.1977664650182029,0.2256094461131456,0.1387485373239514,0.260663592647174,0.0
76561199149640219,0.2574890598128954,0.1863525438492405,0.1990184899503797,0.1594351736695886,0.1977047327178957,0.0
76561199326716853,0.2521857166306526,0.2322919956065113,0.1969228654715893,0.1047845441498248,0.213814878141422,0.0
76561198061178161,0.2751990331334902,0.1941567319482952,0.1853832683643963,0.2004929861858345,0.1447679803679836,0.0
76561199559728739,0.2758521020522602,0.2089556240472808,0.1655555346629527,0.1837728992123029,0.1658638400252033,0.0
76561198293954147,0.2250361916584166,0.2035811588339976,0.1909725014436632,0.1816537987294596,0.1987563493344627,0.0
76561198874472241,0.307900150825007,0.1966485304113794,0.0764844763360024,0.1831650442142978,0.2358017982133133,0.0
76561199111379022,0.2240598587708907,0.2257578052093228,0.2057221820747931,0.1479003344155278,0.1965598195294655,0.0
76561199124943008,0.2560468054461111,0.2341735438663271,0.1648090791255547,0.1325400500521799,0.212430521509827,0.0
76561199875437136,0.2632095305356334,0.188909289142848,0.2024724902565388,0.1823816035116779,0.1630270865533017,0.0
76561198079917174,0.2202798635258227,0.2025287580385921,0.1907803189627772,0.1865409887962014,0.1998700706766065,0.0
76561198407819907,0.2416942106069727,0.2140370315241203,0.1853972436973797,0.177890544896367,0.1809809692751603,0.0
76561199543961855,0.2115289419258658,0.2101294174979135,0.1510940885238792,0.1631022448545931,0.2641453071977483,0.0
76561199177910149,0.2345384546824428,0.2575731909040241,0.1568366177306594,0.1406859795077729,0.2103657571751007,0.0
76561198014439859,0.2339639876843104,0.1995483384172399,0.2142522817892355,0.1868928953510694,0.1653424967581445,0.0
76561198369639036,0.2044565646469225,0.2179872765561934,0.2266320380451163,0.2195567813539025,0.131367339397865,0.0
76561199754121666,0.3703255097272254,0.3474700756910431,0.2822044145817314,0.0,0.0,0.0
76561198214300979,0.3398231498702537,0.2691816571379781,0.1899438476091196,0.0,0.2010513453826486,0.0
76561199766435421,0.3355659422113365,0.2850708639346722,0.182238295057476,0.095271559278359,0.1018533395181559,0.0
76561199267496067,0.2422452854074398,0.20987449802446,0.1722060407336696,0.1871030672490894,0.1885711085853411,0.0
76561199185923126,0.2876387260000965,0.2894394554973686,0.174721064943231,0.0761989128516478,0.1720018407076561,0.0
76561198083275991,0.2442174792613639,0.1879604622217268,0.2116846657623665,0.1216571456122037,0.234480247142339,0.0
76561199485777278,0.2574981312995172,0.2167045652142568,0.1994477970281436,0.2021498441269901,0.1241996623310921,0.0
76561198931909013,0.287398706195474,0.2480557443741119,0.2325939227657418,0.0,0.2319516266646722,0.0
76561198022647651,0.2221812466516994,0.2158080387264898,0.1391511804248259,0.2269970308250841,0.1958625033719007,0.0
76561199061202498,0.2732833341314724,0.2006794135679479,0.2119360354432936,0.1394325346034126,0.1746686822538732,0.0
76561198214648473,0.2202503162359708,0.1856435308599916,0.1890303253601654,0.22666537403411,0.1784104535097621,0.0
76561199515983042,0.2124379924608581,0.198645666274214,0.2034117886805869,0.1918166583711074,0.1936878942132335,0.0
76561199049965144,0.2631790894720163,0.2688008650713936,0.056653300677984,0.1201622701480613,0.2912044746305445,0.0
76561199512376287,0.2306823716448833,0.1950505986611647,0.0488044060858657,0.2494729391714507,0.2759896844366353,0.0
76561198347406063,0.2527846079102033,0.1990475426439332,0.1797791926327581,0.1871567487126501,0.1812319081004551,0.0
76561198778416827,0.2406141646424877,0.2342228987391498,0.1715181317041324,0.1390783206857003,0.2145664842285296,0.0
76561198282596613,0.2714174706705459,0.1876525116120659,0.1751706185124387,0.1366701684437832,0.2290892307611662,0.0
76561199085212273,0.2846175341020017,0.2415770503147102,0.1644768658053955,0.12528787166643,0.1840406781114623,0.0
76561199059767033,0.2452835711754101,0.2046530167498148,0.2068888643898319,0.1565279460094345,0.1866466016755086,0.0
76561199177732895,0.2399909873563013,0.2028598940866313,0.1918828039468634,0.1858467220380913,0.1794195925721124,0.0
76561198091122227,0.2603014071685906,0.2230711960219737,0.2138962770578302,0.1521209347716273,0.1506101849799782,0.0
76561198166226287,0.2619517144811125,0.1733626985178172,0.1670137222400941,0.1971448434961537,0.2005270212648225,0.0
76561199015330455,0.2585878118358635,0.2093087408126447,0.1995839384697115,0.1366141927826654,0.1959053160991147,0.0
76561198079488752,0.2434731312442265,0.1769923560962928,0.1951198696847215,0.1753985368610675,0.2090161061136915,0.0
76561198885046549,0.2691254479307661,0.2258779423805031,0.2067692043610912,0.1173471038787175,0.1808803014489219,0.0
76561198984355584,0.2288454884990701,0.1956355627876805,0.2090255311371182,0.186194686078208,0.180298731497923,0.0
76561198073067799,0.2484447548430738,0.213917801752819,0.2013337726987888,0.1424658666061808,0.1938378040991374,0.0
76561198424437575,0.2404815988794077,0.1987404179648472,0.2534479653031141,0.1555053605359008,0.15182465731673,0.0
76561199138247965,0.4021186653787149,0.1870437311406967,0.2368071534966866,0.0151024289553747,0.1589280210285268,0.0
76561199835282867,0.3007373253603189,0.1916972801037474,0.2362120616677722,0.1130808974765929,0.1582724353915685,0.0
76561199194402331,0.3036987897650247,0.1800772635540416,0.1974279356121681,0.1727947273495161,0.1460012837192496,0.0
76561198272738490,0.193715324815095,0.2079751388388831,0.2395927395275262,0.1532674053747612,0.2054493914437343,0.0
76561199065212767,0.2889629940764984,0.1611225892447755,0.1744327421286325,0.1811608337809018,0.1943208407691915,0.0
76561198010613920,0.28458174204512,0.1841160748202968,0.1946901321233015,0.2102432141838427,0.1263688368274388,0.0
76561198432337304,0.2441258292606628,0.2308643971688642,0.2251451194559718,0.1220196618784286,0.1778449922360723,0.0
76561198827623243,0.2196662349253822,0.2155163307688239,0.1700181501353528,0.1916986719881994,0.2031006121822417,0.0
76561199205562180,0.2363986051862684,0.2250299579091919,0.2297334130731775,0.1288746109196782,0.1799634129116838,0.0
76561198442308189,0.2415681985312536,0.2240326121698129,0.204898346461063,0.1145420704008093,0.2149587724370611,0.0
76561199873886387,0.2810834384756608,0.2255727853327874,0.2361269783217462,0.1286083989349027,0.1286083989349027,0.0
76561198238846116,0.2241863719998042,0.1898820389699501,0.1937319829171369,0.1391799471489088,0.2530196589641998,0.0
76561199360923051,0.2040075873986384,0.22240544480148,0.2380476395634655,0.1284795794667063,0.2070597487697095,0.0
76561198195856567,0.2630732108907003,0.2256583669682947,0.2202904308698808,0.1672903334412544,0.1236876578298696,0.0
76561198937925146,0.2245736261025742,0.2106972835410675,0.1986023525664302,0.194890782203213,0.1712359555867148,0.0
76561198423405088,0.2581233976673851,0.2258607682630787,0.2087168686245737,0.1642636448222932,0.1430353206226691,0.0
76561198127431044,0.2622614226078313,0.2073049220213257,0.2645308762720845,0.1020362134166093,0.163866565682149,0.0
76561198105432969,0.2679700569274619,0.1850434141403436,0.1683423078181976,0.2321148326304656,0.1465293884835311,0.0
76561198003022602,0.171883347945669,0.1798913424665349,0.2007108521904196,0.2316484118730807,0.2158660455242956,0.0
76561198964730990,0.2355544121812867,0.1965968419933976,0.2210989504551611,0.124253357889864,0.2224964374802905,0.0
76561199442878224,0.2640289855634556,0.2126437115594899,0.2125663956312086,0.1918800486192237,0.1188808586266221,0.0
76561199403138420,0.2421446363437318,0.2056789645434464,0.2271360880568136,0.1963863872770828,0.1286539237789253,0.0
76561198403785238,0.2149628014485293,0.2009693387764794,0.229520299156643,0.1768461432533674,0.1777014173649807,0.0
76561198414097340,0.2567127034220561,0.2116518773937962,0.1757467392021414,0.1536059312067829,0.2022827487752231,0.0
76561198091232355,0.2089482058118296,0.2070451734406021,0.2126298555694766,0.2156628454379805,0.1557139197401111,0.0
76561199159246290,0.2396027252581707,0.1863467663690729,0.2148826190584675,0.2207193823750297,0.138448506939259,0.0
76561198314983684,0.2611675808211951,0.2029287813670482,0.2116195304893917,0.197117768837986,0.1271663384843788,0.0
76561198377061737,0.1906764584033948,0.1662507293503672,0.1935778601836105,0.2266039841540956,0.2228909679085317,0.0
76561197990751243,0.2165503531380445,0.1510500312950243,0.2222273665569541,0.2511345193443138,0.1590377296656631,0.0
76561197970412468,0.2604812222368835,0.2330480977643899,0.1727884432322521,0.2032640680740554,0.1304181686924189,0.0
76561198353246717,0.243301144556771,0.2156694569223847,0.2055071185880192,0.1846750541992302,0.1508472257335946,0.0
76561198124421887,0.2073145167103403,0.1809320219329918,0.2584558144775226,0.1811560495831175,0.1721415972960276,0.0
76561198000672368,0.2585005721266373,0.2530982486374498,0.2816211205701892,0.2067800586657237,0.0,0.0
76561199200353988,0.3727650899549505,0.2203019771979009,0.170480752952627,0.068052940131111,0.1683992397634103,0.0
76561198315234904,0.2756062579473112,0.2055286953683878,0.2282232334343756,0.1689152499082715,0.1217265633416537,0.0
76561197994874800,0.2788019056728579,0.1734917363048166,0.1936578251771213,0.187457249784528,0.1665912830606762,0.0
76561199697755740,0.2272585419162139,0.2198823932984034,0.1980681582515861,0.1317738700340813,0.2230170364997151,0.0
76561199218023441,0.2927433353398023,0.2413573343119425,0.2707310690307716,0.1951682613174835,0.0,0.0
76561198355407343,0.2121641876128071,0.1952082531123988,0.2018406921575734,0.2018727350564858,0.1889141320607346,0.0
76561199380289969,0.2714656199793741,0.2297407571922646,0.2384323697970656,0.064998474826185,0.1953627782051105,0.0
76561198283021088,0.229871033834502,0.1997235444194332,0.2212335822663429,0.1725349892663514,0.1766368502133702,0.0
76561198037116274,0.2223197243948965,0.1636841638776699,0.1936122387646262,0.2064001383798901,0.213983734582917,0.0
76561198001198569,0.2622059278592694,0.1908492807911731,0.1862002341072761,0.1733519210025582,0.187392636239723,0.0
76561199057510412,0.2824067818844544,0.226938549552382,0.2219420315647051,0.142588690498902,0.1261239464995562,0.0
76561198078883021,0.2303774264038559,0.2049674560062135,0.2108740954206268,0.1917418186245881,0.1620392035447155,0.0
76561198092612698,0.2137118057964858,0.1911289954506953,0.2012089922730246,0.2076330040590104,0.1863172024207835,0.0
76561198144852786,0.2422391710210114,0.2017847654075045,0.2331462856415578,0.1358858830861856,0.1869438948437405,0.0
76561199166182764,0.2802026296834459,0.2443603651812721,0.2406964341402287,0.108518630569962,0.1262219404250912,0.0
76561198772090380,0.1906254039738903,0.1831405184690704,0.2033939980847892,0.2389447782791834,0.1838953011930664,0.0
76561198867608134,0.286085785778,0.2414831550221949,0.2783193123628991,0.0,0.1941117468369059,0.0
76561198058903842,0.262635286687459,0.1581425874379799,0.1900766863927012,0.2157834016905678,0.1733620377912919,0.0
76561198089859684,0.2179414793917522,0.1892604318029409,0.2047397862503164,0.1965631814139256,0.1914951211410646,0.0
76561198853165772,0.1974337269166555,0.2180807583832518,0.2219780577012786,0.1892277073585936,0.1732797496402203,0.0
76561198851738367,0.2562713115743399,0.2247147068372496,0.2370823766965873,0.1862405477642961,0.0956910571275269,0.0
76561198847297910,0.1912122753014416,0.2009550121666675,0.2049324612924304,0.1716176034458698,0.2312826477935905,0.0
76561198417579142,0.2154644973415379,0.1943668064433937,0.1999124607349937,0.1958993797728107,0.194356855707264,0.0
76561199182477254,0.2857835800457969,0.2262043100329654,0.207560327084493,0.1146485877591646,0.16580319507758,0.0
76561199752752935,0.2174584120392064,0.192939216922885,0.2061957265767672,0.1401620266394667,0.2432446178216745,0.0
76561198249893146,0.2200186511316396,0.2095580490040918,0.2217259018288095,0.1781713563331421,0.1705260417023168,0.0
76561198968237390,0.2849265607628687,0.23946360400066,0.2727854288255849,0.2028244064108863,0.0,0.0
76561199176943260,0.2712351003176462,0.2310953859480565,0.1621600143471639,0.1774463384040295,0.1580631609831035,0.0
76561199444606097,0.2593246817916591,0.2071538610495545,0.2048060600605246,0.210925576962006,0.1177898201362556,0.0
76561198126548553,0.2278334448255021,0.2000234528497113,0.1969198933211693,0.2090918424115563,0.1661313665920609,0.0
76561198262787729,0.2584026419590458,0.2291106348134901,0.2410558924408643,0.1514996171277482,0.1199312136588515,0.0
76561199017224533,0.2771438354145662,0.216704931937067,0.2119351170357347,0.1632782793827961,0.1309378362298359,0.0
76561199487796611,0.2898968428125367,0.2564780759591908,0.215451709913828,0.0932879414252413,0.1448854298892031,0.0
76561198974989829,0.3038225200491273,0.2668844244349119,0.2811616110763869,0.1481314444395736,0.0,0.0
76561199780856085,0.2280703607758536,0.2157225237246365,0.1804089336803278,0.1479024351445682,0.2278957466746138,0.0
76561199183568045,0.2922539207668678,0.2553326453140221,0.2307030701966812,0.0,0.2217103637224286,0.0
76561198263694383,0.2517307146795297,0.1993359551588355,0.1879450392328946,0.177039529212827,0.1839487617159129,0.0
76561198063490669,0.2045076376285431,0.1815506547883852,0.2130641254583809,0.199391345688467,0.2014862364362236,0.0
76561199199012410,0.190118128266032,0.2079372157132326,0.2293076746986203,0.1937697744881887,0.178867206833926,0.0
76561198950687868,0.2843879807185929,0.2038668784057264,0.212683845844696,0.1699889394872193,0.1290723555437652,0.0
76561198087883574,0.1633423821160473,0.1597129896148121,0.1976433376150532,0.2268509576105412,0.2524503330435459,0.0
76561198966274908,0.2413255106012934,0.1993103258773965,0.2188158638365466,0.1642552547545927,0.1762930449301706,0.0
76561198107786111,0.2477763146596681,0.1850874761317999,0.2262862491127475,0.1437788361416467,0.1970711239541376,0.0
76561198121971834,0.2320601547064012,0.2006308715399375,0.2113219504670882,0.0958693900927435,0.2601176331938294,0.0
76561199177394627,0.2212865593529334,0.2007311076029561,0.1512226856387259,0.2001851979122862,0.2265744494930982,0.0
76561198831192918,0.2942703060234464,0.2468844555402032,0.2326714943908827,0.0,0.2261737440454676,0.0
76561199807197342,0.2387852943070373,0.2001070830399797,0.2107926452505469,0.1460336564243119,0.2042813209781241,0.0
76561199484238062,0.3076724920324011,0.2237096333477247,0.2873654181892612,0.1812524564306129,0.0,0.0
76561198848316420,0.3105814977470387,0.2704341350078536,0.2656145939782232,0.0,0.1533697732668844,0.0
76561198843437563,0.5439957409455307,0.0563216040660155,0.3996826549884537,0.0,0.0,0.0
76561198169509065,0.2092666537620611,0.1684767564287168,0.2306794276079843,0.1957051105273153,0.1958720516739222,0.0
76561198291180742,0.2445160562147718,0.1895894461122829,0.2055461715068347,0.1488311606172457,0.2115171655488648,0.0
76561198099004296,0.2374192951987475,0.1709765948196513,0.1837420603257744,0.1875831810506295,0.2202788686051971,0.0
76561198844902387,0.2449889689953351,0.2336726260787194,0.2054238054924795,0.158339939900859,0.157574659532607,0.0
76561199748150200,0.3251878366418383,0.2473420896543723,0.2087756259619257,0.0,0.2186944477418634,0.0
76561199818269939,0.2385959412894539,0.19078582845472,0.2068785352782046,0.1702945600499744,0.1934451349276468,0.0
76561198876615080,0.2652643394692815,0.2431826148186691,0.2244658705931699,0.0956983011799186,0.1713888739389607,0.0
76561198816301919,0.2955386012600638,0.2142772518963122,0.1731596202241011,0.0961156861946654,0.2209088404248573,0.0
76561198091140590,0.1804732498591162,0.1830906297344795,0.212927505228754,0.2284918870878669,0.1950167280897832,0.0
76561199375667566,0.3752949763803827,0.2414755876461842,0.2053811204643954,0.0889241577545188,0.0889241577545188,0.0
76561198326689259,0.3509702749509787,0.1717692821107223,0.1263217580275711,0.1734407535693613,0.1774979313413665,0.0
76561198411775487,0.2645916615710199,0.2596177792762063,0.2583408043229915,0.0,0.2174497548297821,0.0
76561198038492608,0.2031424519635335,0.2113174902767413,0.2106026311605694,0.1973038342817364,0.1776335923174191,0.0
76561199642042062,0.2933341067634853,0.3213682087102276,0.2327631125792348,0.0,0.1525345719470522,0.0
76561199196035407,0.2170232354308528,0.2055789978336284,0.2221116690555041,0.11218999328217,0.2430961043978445,0.0
76561199537429327,0.3151119293097977,0.2648881260000101,0.2746400692105419,0.0,0.1453598754796501,0.0
76561199032380262,0.2633797687570517,0.2349284867277901,0.197874017858246,0.1327458430639333,0.1710718835929788,0.0
76561198028843852,0.2392726689738754,0.2214364323025533,0.2338105518453608,0.09117586146507,0.2143044854131401,0.0
76561198160310073,0.257110279276285,0.2461875580725753,0.1898481437562824,0.1197560415930845,0.1870979773017725,0.0
76561198073458595,0.2248656077204018,0.1784613399805989,0.2120092105518159,0.1692683256624799,0.2153955160847033,0.0
76561198148262444,0.3129002078932543,0.2343012041970732,0.2889225900006901,0.1638759979089823,0.0,0.0
76561198843790470,0.2807371499825925,0.1993897512383117,0.2181767905857151,0.1442714122561424,0.157424895937238,0.0
76561199120639628,0.2088919393107999,0.2007028169371311,0.1965982898308996,0.2055687815527018,0.1882381723684674,0.0
76561199527406968,0.2701446229677681,0.214844228397091,0.2154569278751319,0.1265332686434014,0.1730209521166075,0.0
76561198136577408,0.2740420463299879,0.2330592655826842,0.2252384160342274,0.133019884647267,0.1346403874058333,0.0
76561199638601866,0.207839029898588,0.2061306016518618,0.2095776537817182,0.1867964787091205,0.1896562359587114,0.0
76561198402329390,0.2870047709754733,0.2487550800178498,0.2358937645973491,0.2283463844093276,0.0,0.0
76561198274446234,0.2801275365594718,0.2345820576891226,0.2139476607575656,0.1150702301521583,0.1562725148416813,0.0
76561198985222961,0.2621648442687066,0.2312757663170787,0.2077191497166622,0.1661800250160371,0.1326602146815152,0.0
76561198006572540,0.2212344930014254,0.1985423813458691,0.1999959383079876,0.1731610369082372,0.2070661504364805,0.0
76561198413767937,0.2231962959533264,0.2104965649179727,0.2061628192728732,0.1835631410564056,0.1765811787994219,0.0
76561198833987527,0.2490938885390221,0.2115093909669834,0.2070334951521904,0.1523813558925682,0.1799818694492357,0.0
76561198023629256,0.2320481941360435,0.2253203101247226,0.1845154722998919,0.163691879112326,0.1944241443270159,0.0
76561198078272251,0.2433061959574402,0.1732344715447826,0.2009554238837008,0.2441481689349331,0.1383557396791431,0.0
76561198115422851,0.2491291842102642,0.1645451634245641,0.1930392590147616,0.2378611792445537,0.1554252141058561,0.0
76561198051250642,0.2958936328882079,0.1500849551762723,0.1457148142363655,0.2205421476406382,0.1877644500585158,0.0
76561198075601306,0.2471646185027715,0.173631476691044,0.1892454288257945,0.2392354314950654,0.1507230444853244,0.0
76561198006847070,0.2414104727594468,0.2169771490082331,0.1542058793069648,0.2020699373444667,0.1853365615808883,0.0
76561198044695535,0.2079980462820722,0.1990154253113216,0.1925073710448994,0.2062178203768982,0.1942613369848086,0.0
76561198128667294,0.2676326825235506,0.1919029699119132,0.2105707463865782,0.2474428534917877,0.0824507476861701,0.0
76561198345645365,0.303172882851865,0.2717111964013171,0.2654970919594744,0.0,0.1596188287873434,0.0
76561198008886047,0.2538344967128523,0.1780049188364773,0.1633691937821458,0.2128462386103573,0.1919451520581671,0.0
76561198274842511,0.2286069390994277,0.1857295391494754,0.1967093933919952,0.1894642876221212,0.1994898407369804,0.0
76561198075247829,0.2506899735323538,0.1783375270997497,0.2028807166956993,0.2315433429511972,0.1365484397209998,0.0
76561198011617878,0.2335864056642054,0.2038453591795596,0.2114759594402696,0.2062689986581898,0.1448232770577754,0.0
76561197996331680,0.2582233854331449,0.1983359153130161,0.1923504420454626,0.2355405823353229,0.1155496748730533,0.0
76561199086769864,0.2540777064422594,0.1111137789180957,0.1680809762184374,0.2531560941377413,0.2135714442834662,0.0
76561198286376504,0.1213236125252251,0.180142069637769,0.2111930288128663,0.2551262133738737,0.2322150756502659,0.0
76561199013537219,0.216848538230044,0.1981395698413863,0.1994132044072848,0.2052080662241067,0.180390621297178,0.0
76561199546266669,0.2045988164051389,0.2198917372551642,0.2432960141350914,0.1667032388857711,0.1655101933188343,0.0
76561198829174449,0.1870934242977964,0.2032308799371492,0.2097665280281599,0.2139754058823646,0.1859337618545297,0.0
76561198439304389,0.265524581549288,0.1229853311741916,0.1474105710982974,0.2413197385314837,0.2227597776467392,0.0
76561198161403415,0.2485805711717364,0.1923515259065073,0.1900230554407421,0.1750130464156582,0.1940318010653558,0.0
76561199037612036,0.2190527881989707,0.1781376145112765,0.1784545055875085,0.1918195621655399,0.232535529536704,0.0
76561198149149071,0.2372546234842693,0.2008190813855734,0.1714272970889737,0.193558715662756,0.1969402823784274,0.0
76561198088724831,0.2156498658171155,0.173371788493276,0.2089034733145138,0.1968165532660286,0.2052583191090661,0.0
76561198429606249,0.2714512689510964,0.2673295309620102,0.2308804677137888,0.1269627686061115,0.103375963766993,0.0
76561198251071604,0.2362416365645398,0.1958339351024372,0.2093435156693745,0.1738395516233616,0.1847413610402867,0.0
76561199544472375,0.3087445217978151,0.2182226035404114,0.0142927592838861,0.2274532053728006,0.2312869100050867,0.0
76561198117724596,0.2285429054982829,0.1923022518158927,0.2056682641940067,0.1949834011129673,0.1785031773788501,0.0
76561197995444569,0.2064215587888203,0.1504447018179793,0.194029950242267,0.2330164851441179,0.2160873040068153,0.0
76561198358134442,0.1535680966639183,0.1560706042225673,0.2046083409425302,0.2516709464573876,0.2340820117135965,0.0
76561198052549305,0.182068786216899,0.1753526535764066,0.1817984677764092,0.2352183339704116,0.2255617584598733,0.0
76561199870547222,0.2203652310364322,0.1802441119399143,0.1579004427120559,0.2221658904490459,0.2193243238625513,0.0
76561199835618401,0.194587797505969,0.1593066175707641,0.1972284352157466,0.2154889773127702,0.2333881723947498,0.0
76561199376134768,0.2594884413756941,0.1916888921323011,0.1342152205645448,0.2231659884908795,0.1914414574365803,0.0
76561198056078990,0.2067377332040295,0.1952083552247283,0.183630334180122,0.2102533590254469,0.2041702183656731,0.0
76561199539087405,0.2359772514231253,0.2101803439023254,0.192207623717882,0.1937845317389841,0.167850249217683,0.0
76561198993588247,0.2358928515775975,0.1885683006035901,0.1767310609716426,0.2008768188852946,0.1979309679618751,0.0
76561199097271657,0.2095714293847582,0.1933210721528791,0.1920176093272389,0.2005480334122278,0.2045418557228958,0.0
76561198046112241,0.2094659012097064,0.1752438233075675,0.1881983987109128,0.2196870612205438,0.2074048155512692,0.0
76561199608316668,0.2336922642278752,0.1719518883666066,0.1998384649951445,0.1780376116875665,0.216479770722807,0.0
76561198048967211,0.2106834224368586,0.166493072407614,0.195963798267595,0.2181328305998005,0.2087268762881318,0.0
76561198845485546,0.2231352449965482,0.1922613540244369,0.2019811912283663,0.2126746503680502,0.1699475593825982,0.0
76561198175781507,0.2161440895909306,0.2098743386578284,0.1785394136531304,0.1920267504240455,0.2034154076740648,0.0
76561198055682730,0.1996219635896514,0.18791955557019,0.199495055949458,0.215814090851045,0.1971493340396553,0.0
76561199545066123,0.2403036257522053,0.1855310775783195,0.2356484695708837,0.161529114226219,0.1769877128723721,0.0
76561198082199261,0.2393798448611361,0.1476879864652853,0.2110103575827451,0.2136694657486391,0.1882523453421942,0.0
76561198313453043,0.2074517965033232,0.1709362705701743,0.2198813607026249,0.1979302971794225,0.2038002750444548,0.0
76561198070394564,0.1874570553447664,0.1488892742219753,0.2211836721639637,0.2228018708739078,0.2196681273953867,0.0
76561198804680697,0.2549297300187875,0.2079867776070977,0.1901305083556198,0.1554976878926011,0.1914552961258938,0.0
76561199136855449,0.2119792219928492,0.1788730891281326,0.1672278617457369,0.2287226188066555,0.2131972083266256,0.0
76561198966998552,0.1917975695391585,0.1822729032445676,0.2295819316167124,0.2133583799485244,0.1829892156510371,0.0
76561199223548527,0.261068182227493,0.194066923859847,0.1886799228539477,0.1540988759796717,0.2020860950790405,0.0
76561199056820731,0.1923233619834341,0.2345899190751643,0.171232993497134,0.1699819561468417,0.2318717692974257,0.0
76561198395338546,0.2590011579495047,0.1871116962486387,0.1957149074032816,0.1335254687752569,0.224646769623318,0.0
76561198976557185,0.2456291552351107,0.2207535414199124,0.1364397851930595,0.1585907894059776,0.2385867287459397,0.0
76561198307911644,0.1795339334120787,0.1767849909877114,0.1915024491403894,0.2440937044814083,0.208084921978412,0.0
76561199296937509,0.2243488152375464,0.1929865526152315,0.1756173802108493,0.1877478462397246,0.2192994056966481,0.0
76561198798566786,0.2188983361140727,0.1778827056148118,0.1819968182162411,0.20356152041414,0.2176606196407344,0.0
76561198418235102,0.2451456842911374,0.1853757917595904,0.1099555113283216,0.2212570022126802,0.2382660104082704,0.0
76561199049721392,0.247035953105177,0.1310583520082855,0.0758449151472145,0.2700013179725598,0.276059461766763,0.0
76561199688154793,0.2256338247909416,0.2071491042432423,0.1432628036343588,0.200394229929762,0.2235600374016953,0.0
76561199221510423,0.2434336015190429,0.1838639287398156,0.1688329495529968,0.1818176228226487,0.2220518973654958,0.0
76561199729773816,0.2100047157782915,0.1927074712022902,0.100469824237162,0.244569543866655,0.2522484449156011,0.0
76561198188197794,0.2383040704070409,0.1525492400092509,0.181488561898401,0.2090479769701922,0.2186101507151149,0.0
76561199526209117,0.2579543676021891,0.1694416504097867,0.078975617963488,0.2468026007200291,0.246825763304507,0.0
76561198021181507,0.2119404161998488,0.1578181601887519,0.1902336069148054,0.217838953015395,0.2221688636811987,0.0
76561198887943085,0.1969455143954633,0.1661032177588821,0.1715708437140061,0.2314920979580849,0.2338883261735634,0.0
76561198066122279,0.2179306216078377,0.1787599166333941,0.1700619471675653,0.2182492149560124,0.2149982996351903,0.0
76561198017488621,0.2474683700406573,0.1933218820143172,0.1993242667573217,0.212237964654238,0.1476475165334656,0.0
76561198080978566,0.2711421585115089,0.1781618256482618,0.1949524650407783,0.2162039295692141,0.1395396212302369,0.0
76561198129247774,0.2485873404486462,0.2118698953223907,0.2219458633338229,0.1737500264943338,0.1438468744008063,0.0
76561198123084475,0.2333584488817569,0.1987086716753351,0.1970528416805431,0.2263431370676328,0.1445369006947319,0.0
76561198275767100,0.2179732041844858,0.1729430456757159,0.2098087880025868,0.2323938835955511,0.1668810785416603,0.0
76561198427245183,0.2035130221218033,0.1908773542305131,0.2127753628303933,0.2107973483711642,0.1820369124461259,0.0
76561198093260511,0.1859654076171295,0.1897207851505259,0.1872591781881912,0.2103849336546281,0.2266696953895253,0.0
76561198427779859,0.2398912079019519,0.2270680027091048,0.1646248960206087,0.1839929132777711,0.1844229800905633,0.0
76561198427383896,0.2653425640135838,0.1938814482112881,0.1823487210974134,0.1596599728007627,0.1987672938769518,0.0
76561199082847964,0.2331114061245657,0.1946768027799287,0.1913462683735659,0.1847997642084524,0.1960657585134871,0.0
76561198051389016,0.1238318794138709,0.0187021666034189,0.0295530209714702,0.434650420179917,0.3932625128313227,0.0
76561198317130606,0.2839780220287017,0.2101427040960951,0.206796853247177,0.1862218062506526,0.1128606143773735,0.0
76561198114540370,0.2599014110092535,0.2273242352196762,0.2559553957521537,0.2568189580189166,0.0,0.0
76561198071193898,0.2318369662276338,0.1682135568189402,0.1933350182165236,0.2294380688699054,0.1771763898669969,0.0
76561199076389886,0.2422277703303201,0.1854697756952033,0.2001019096050743,0.1982691469883097,0.1739313973810923,0.0
76561198100098775,0.2867130515109283,0.2042149183811237,0.2326611913932987,0.2764108387146492,0.0,0.0
76561199087372221,0.3380696004460335,0.3365886833753941,0.0,0.0,0.3253417161785724,0.0
76561199162150157,0.2679857533645728,0.2072626742483511,0.1993136687743257,0.1785986661260575,0.1468392374866927,0.0
76561198093336856,0.2606917952066102,0.1857279835821543,0.1618772915505399,0.1717471296474263,0.2199558000132691,0.0
76561198355821938,0.2572236981296554,0.1568754476902341,0.1586014715906121,0.2155080326374323,0.211791349952066,0.0
76561198276820389,0.2409427927632769,0.2223782568194351,0.2179214982440586,0.1762662228295354,0.1424912293436939,0.0
76561198321474420,0.2314124352428965,0.1413474067665931,0.2010234838782428,0.2117284298316965,0.214488244280571,0.0
76561197976062269,0.2406018905293744,0.167474456254631,0.2005891924561362,0.2386342118454811,0.1527002489143772,0.0
76561198123843456,0.2124677659873853,0.1727695878917612,0.1886364678802448,0.2169072905504339,0.2092188876901745,0.0
76561198871845380,0.245429720684989,0.1854588677322289,0.2009225309751708,0.1475099277011617,0.2206789529064494,0.0
76561198135384760,0.2212915698627413,0.2021077624219238,0.218981072894916,0.1813415758416742,0.1762780189787446,0.0
76561198271535585,0.1925598952786875,0.1808639524750268,0.2084146864103167,0.2165966046319492,0.2015648612040197,0.0
76561198219075073,0.2417982296562469,0.1538286791843363,0.1022828302381347,0.2335138624121877,0.2685763985090942,0.0
76561198212143500,0.213157140727551,0.2262072771605334,0.1708976477380845,0.1642345306353748,0.2255034037384562,0.0
76561198139411198,0.2149938892507188,0.1779957378767067,0.199741807747482,0.2042940085919995,0.2029745565330929,0.0
76561198908664868,0.1903424938447231,0.1851830972545497,0.219280423145979,0.2221996981360751,0.1829942876186729,0.0
76561198182434729,0.2278257151409348,0.1736759396958374,0.2012966528271138,0.1860651064787739,0.21113658585734,0.0
76561198148591865,0.2169350731396881,0.1720259965612563,0.1822392515831493,0.2125849602555148,0.2162147184603914,0.0
76561198104612711,0.2310046294084942,0.1883150025082854,0.1854760205479269,0.2058561819182059,0.1893481656170872,0.0
76561198340169992,0.2235553062559328,0.1669425393370026,0.1677234729773617,0.2087330270922327,0.2330456543374701,0.0
76561198122844648,0.2290022448689957,0.205973872919223,0.2121895400833493,0.1745067040241685,0.1783276381042632,0.0
76561198134388656,0.1886329450918823,0.1922769645656933,0.2039178603950913,0.2166344722526765,0.1985377576946564,0.0
76561199200039007,0.1981723557726487,0.196642731561949,0.2214297988798352,0.1906939454037971,0.1930611683817698,0.0
76561198388039360,0.205910372377687,0.1870275172889261,0.1935534690386448,0.2237601427048731,0.1897484985898687,0.0
76561198028531972,0.1968025820537049,0.1588162103283646,0.2055563065806429,0.232356223284499,0.2064686777527884,0.0
76561199785196304,0.1863151522518441,0.1573763937171438,0.1360313409636721,0.2579081439267094,0.2623689691406303,0.0
76561198122264375,0.2927926367638795,0.2060150807951077,0.2057499423812782,0.2078552294353338,0.0875871106244005,0.0
76561199085433040,0.22267432788732,0.1647067787807869,0.1646788359114495,0.226872730014025,0.2210673274064185,0.0
76561198076319546,0.2291220816338432,0.1746877010619853,0.1903897524942213,0.1952624125109758,0.2105380522989742,0.0
76561199081710235,0.2693879341481142,0.1990016180725906,0.2020113762153391,0.1690670639044303,0.1605320076595257,0.0
76561198408226782,0.2301087441762775,0.1511097062732541,0.1905337380386442,0.2171235441621782,0.2111242673496457,0.0
76561198099562777,0.2182472422669931,0.1871761691196935,0.1933964618282284,0.2059127412997241,0.1952673854853606,0.0
76561197961774441,0.2469298134754577,0.2103834166817045,0.2150597188860871,0.2036146827161045,0.124012368240646,0.0
76561198134731689,0.2370240261708156,0.208805887097051,0.1854679793119926,0.2147222525902152,0.1539798548299255,0.0
76561198026512221,0.2052489834641097,0.2102158657056448,0.2074840927797322,0.1686883592913827,0.2083626987591305,0.0
76561198995117447,0.2234494454660866,0.1869625749287935,0.1932064224020103,0.1939330575068485,0.2024484996962609,0.0
76561199541793625,0.2316173073817553,0.1630962092352331,0.1215375350840284,0.2059436453842492,0.2778053029147338,0.0
76561198210123867,0.24412881554058,0.1466118876745729,0.1534351276489161,0.2711186067599214,0.1847055623760095,0.0
76561198060883629,0.2137861546362582,0.1589147726332125,0.1589147726332125,0.2748582044697049,0.1935260956276117,0.0
76561198008475336,0.3108736326989225,0.1888341007045823,0.195573184051583,0.3047190825449121,0.0,0.0
76561198030076768,0.225479365882308,0.1941651958923239,0.2032315643710517,0.2008772281448873,0.1762466457094289,0.0
76561198870946600,0.2441624576973986,0.1955564427349533,0.2050137354864805,0.1965846765553516,0.1586826875258158,0.0
76561198845689870,0.2091451418057169,0.1659198785526717,0.1962797233291926,0.217610399768686,0.2110448565437325,0.0
76561199156024770,0.2195474895036056,0.1848872390994886,0.1933140463108042,0.203862474980744,0.1983887501053575,0.0
76561199347967453,0.2054961235649521,0.197261310725109,0.1800826622693185,0.2092909847088377,0.2078689187317825,0.0
76561199443514192,0.2604126971174453,0.189289670383346,0.1691374339105709,0.1743433887627784,0.2068168098258591,0.0
76561198143412503,0.2598655569090264,0.2027046447375564,0.2003175162753858,0.1200064294263812,0.2171058526516499,0.0
76561199122977950,0.2220829966473563,0.1811180826283227,0.176166952320519,0.2118087919588448,0.2088231764449569,0.0
76561199581122905,0.247747611846812,0.1922888043403435,0.2169670280745894,0.1725822222421369,0.170414333496118,0.0
76561198035576206,0.1850804891637543,0.1804787464721963,0.215073215161488,0.2194071102684403,0.1999604389341209,0.0
76561199082377284,0.228306112271569,0.1827858188180289,0.1204173663324295,0.2341686304880141,0.2343220720899584,0.0
76561198050935092,0.2150442119693374,0.1780612859749714,0.2136885966156703,0.1975123340538649,0.1956935713861559,0.0
76561198107189063,0.2492765676420226,0.1973160382286267,0.2048974634775664,0.1948335827543991,0.153676347897385,0.0
76561198025710872,0.193193801389787,0.1909069162346985,0.2282777311143919,0.1925398168909573,0.1950817343701651,0.0
76561199071386893,0.2378381838125861,0.2128364579506413,0.2065991882555211,0.1252861714132483,0.217439998568003,0.0
76561198103186740,0.2110306488717028,0.2123790421445329,0.2208700827549894,0.1693554623290662,0.1863647638997085,0.0
76561198024043746,0.2353947655753899,0.1652160389498304,0.2038288560571963,0.1572754535461371,0.2382848858714462,0.0
76561198881008111,0.2139303905144178,0.2023188135924981,0.2055694058438186,0.1848098411655058,0.1933715488837596,0.0
76561198907957525,0.219298696078749,0.2304761800504326,0.1645725322434327,0.1541983894772038,0.2314542021501816,0.0
76561198429193409,0.2254707200865956,0.1982559341138442,0.1867569031690765,0.177952748368967,0.2115636942615166,0.0
76561198995486953,0.2337458652016985,0.228789972366821,0.1875273189354138,0.1373409564640917,0.2125958870319748,0.0
76561199103998320,0.2362083930714413,0.2309779148036379,0.1661076831771574,0.1366088080360615,0.2300972009117017,0.0
76561198967733216,0.2688748516644763,0.2112653456861589,0.1954711384660296,0.1380067613743484,0.1863819028089864,0.0
76561198112849349,0.1957631650685704,0.1906611985841183,0.2185846711583861,0.1854350948553077,0.2095558703336172,0.0
76561198338123050,0.1406711550282115,0.2018733316878861,0.2372938381389986,0.2165492748569599,0.2036124002879439,0.0
76561198976541186,0.2014863361914531,0.2300051193877805,0.2580330580239863,0.0823654387210742,0.2281100476757058,0.0
76561199138513253,0.2663101867663418,0.2296463279982502,0.1932725076895833,0.1067480548188493,0.2040229227269752,0.0
76561198246412594,0.2324578213636005,0.2279685274557208,0.1962475875887612,0.1632567099467833,0.180069353645134,0.0
76561198376124646,0.2051074967953132,0.21848994364714,0.2315622054294001,0.1807997883310936,0.1640405657970528,0.0
76561198021642939,0.224076086752835,0.1951571671599109,0.1959562219369289,0.209754299706237,0.175056224444088,0.0
76561199195958449,0.3240785393500222,0.246914931160512,0.1833481913682161,0.0,0.2456583381212496,0.0
76561198757776931,0.3289152536215831,0.2012828923127894,0.0661250297470373,0.076294703431946,0.327382120886644,0.0
76561199803381158,0.2673895523686564,0.1935231387626485,0.1522520503730401,0.1216109271412016,0.2652243313544532,0.0
76561198137264082,0.2292715379017754,0.202688007682795,0.2073688671120188,0.1989853843929654,0.1616862029104452,0.0
76561198074367777,0.237136750636123,0.1734025439256177,0.2063494863697742,0.2177657800204588,0.1653454390480262,0.0
76561199418668383,0.2753575961420474,0.1836474248610463,0.1784464823502472,0.1075064088552107,0.2550420877914482,0.0
76561199553177714,0.2576898095403558,0.2089625087904032,0.1419419873971477,0.1393227568575889,0.2520829374145041,0.0
76561198065931138,0.1269302024813179,0.2610900533218421,0.2071761530206916,0.064319239486369,0.3404843516897791,0.0
76561198876451323,0.2312231620914522,0.1995620049762084,0.1868929690085591,0.1595826069914546,0.2227392569323255,0.0
76561198763852134,0.4288877983992333,0.3544376862604179,0.0,0.0,0.2166745153403487,0.0
76561198203294379,0.2689637048683887,0.1612235064467042,0.2378130848857035,0.195915800550806,0.1360839032483974,0.0
76561198067067279,0.1900600215129688,0.1755478943526719,0.1979743871125848,0.2218183915015729,0.2145993055202013,0.0
76561199489520002,0.2226030229708885,0.2106373969421864,0.223352073865901,0.1703479231477895,0.1730595830732345,0.0
76561199064718165,0.2188169158735484,0.2164470736064818,0.1773303425114451,0.167166735612945,0.2202389323955795,0.0
76561198025419566,0.2630753697452608,0.1954838704169585,0.2481245688610177,0.0547613845163045,0.2385548064604583,0.0
76561199470080023,0.356224741997444,0.1529101808446592,0.2581205224799985,0.0,0.2327445546778981,0.0
76561198358601039,0.2512051836252018,0.2164125096161922,0.2113875135729353,0.1481250990554081,0.1728696941302624,0.0
76561199195416934,0.2321991802932675,0.2113717897637937,0.2009790114135404,0.1486451826559295,0.2068048358734687,0.0
76561198092647624,0.2101540944194166,0.1802689567831141,0.2081927493590668,0.1927847076807046,0.2085994917576975,0.0
76561199205535040,0.2885700576389803,0.1933768215347742,0.1985573232962449,0.1123006140437892,0.2071951834862112,0.0
76561199203270822,0.2841360657288204,0.2039098168160403,0.1879595752698377,0.1344662897831552,0.1895282524021463,0.0
76561198428123404,0.2560531661342677,0.2268450011574846,0.2086405329725911,0.1292269763727574,0.1792343233628989,0.0
76561198145824277,0.2243434567706061,0.2064195643507828,0.2024148332125665,0.1841347229391101,0.1826874227269341,0.0
76561199148448392,0.2010554421930497,0.1897685399302573,0.2223279166105949,0.194291657147609,0.192556444118489,0.0
76561198448417314,0.1643708553293835,0.1859120080425378,0.2400345264207394,0.1830830244871437,0.2265995857201954,0.0
76561198307891464,0.3015395281684803,0.2465838092892153,0.216206520577624,0.0,0.2356701419646803,0.0
76561199172855668,0.2362694014691182,0.1892944273739207,0.1561394629757512,0.1472359138601341,0.2710607943210758,0.0
76561198804601630,0.2617932493077852,0.2348959679209417,0.1808768183719144,0.1349928229933964,0.1874411414059622,0.0
76561199058171615,0.2925188962897907,0.2554236331435087,0.100055952927675,0.0681017091423881,0.2838998084966375,0.0
76561199016522989,0.2502981164852189,0.1995951333743308,0.2080278141911089,0.1047944413390393,0.237284494610302,0.0
76561199792770301,0.2789853431331626,0.1593075228223806,0.1776041588436058,0.1569719562232629,0.2271310189775879,0.0
76561199698533340,0.2155207329118137,0.1965714487904843,0.2200969941997524,0.1580308977393409,0.2097799263586085,0.0
76561199802479009,0.2894650447926375,0.2034362950932935,0.0,0.1641340582201169,0.3429646018939519,0.0
76561198265883417,0.2639986347793617,0.2374672225637557,0.1067835224999827,0.1767387778099218,0.2150118423469778,0.0
76561198902671770,0.1895572440189171,0.2047046837568922,0.1396910070310266,0.2471927193136335,0.2188543458795305,0.0
76561199782026649,0.2385381357809076,0.1812680749952638,0.1645840339027882,0.1783952415152237,0.2372145138058166,0.0
76561199559993324,0.2725701785316541,0.2062258777088088,0.2004924271350748,0.0937302382253935,0.2269812783990684,0.0
76561198273177152,0.2788741818020457,0.2009947415963859,0.1587441838042938,0.1384920410080619,0.2228948517892127,0.0
76561199337941690,0.2517698398699581,0.2088514654778452,0.094310108097304,0.1938061434811409,0.2512624430737517,0.0
76561198009000791,0.238909450695676,0.1583498129614273,0.1275066255969723,0.2434878652409365,0.2317462455049876,0.0
76561199006086136,0.2052392115740786,0.17678223621879,0.1161912532920213,0.2387785818183576,0.2630087170967524,0.0
76561198887083618,0.223301497688742,0.1927277966894855,0.1863731788696637,0.16699755994914,0.2305999668029684,0.0
76561198339879556,0.2772602079271954,0.231131089460218,0.1931263808147199,0.129887444941375,0.1685948768564915,0.0
76561199002493106,0.2526517350104069,0.2262765709959663,0.1958387463918122,0.1220524764984632,0.2031804711033513,0.0
76561198359999689,0.2211610711308893,0.2024782338057798,0.1288681236105713,0.1867771542430599,0.2607154172096997,0.0
76561199441844249,0.1588797637743016,0.2805020689855898,0.1531147389907275,0.1349082486569392,0.2725951795924417,0.0
76561199480061465,0.2898097095667867,0.1990118784790517,0.1772883131168093,0.1769383241551727,0.1569517746821794,0.0
76561199512269509,0.2658045585439667,0.2401968679356052,0.1397042192790602,0.1084906830266206,0.2458036712147472,0.0
76561198201869792,0.2358870011570705,0.2162159221335576,0.1994132935334012,0.1528621576687303,0.1956216255072402,0.0
76561199160469265,0.2395138223614792,0.2400969353378615,0.0,0.3344452146942844,0.1859440276063748,0.0
76561199159754169,0.2454716833412133,0.2327770523516208,0.0,0.2315045050484389,0.290246759258727,0.0
76561199212301613,0.2491429456979561,0.1996028402316786,0.2292277032462911,0.1273626795598034,0.1946638312642706,0.0
76561199056252159,0.3425704408558085,0.3234445291536634,0.0,0.0,0.333985029990528,0.0
76561198099985988,0.2557130084700837,0.1438920216692106,0.1201099989016027,0.2335961954979483,0.2466887754611546,0.0
76561199028361033,0.3461775878547981,0.2168899950809463,0.0,0.1451407759411772,0.2917916411230785,0.0
76561199145933358,0.3591747243406868,0.2550360931086043,0.1353342245010343,0.0,0.2504549580496744,0.0
76561199178946434,0.2494746194381529,0.2408803788431358,0.17987178750837,0.157368377252388,0.172404836957953,0.0
76561198086810047,0.1962322961991014,0.1890848268735768,0.2061248157806397,0.1859403698701505,0.2226176912765316,0.0
76561198064339088,0.2060288898403665,0.2219033742049634,0.1076883346138468,0.2223602064215328,0.2420191949192901,0.0
76561198078817922,0.2418422676715392,0.2075469744545462,0.1763790145587284,0.186595561721224,0.1876361815939621,0.0
76561198103942045,0.2406245277840236,0.1689224403421115,0.1309040913321902,0.2065870768426018,0.2529618636990728,0.0
76561199786534958,0.1934418771257406,0.1759258117595486,0.1647909298979267,0.1797014226541103,0.2861399585626736,0.0
76561198436639398,0.227710714604706,0.2021301564104692,0.0,0.2465007605003739,0.3236583684844507,0.0
76561198880142983,0.2503226441062709,0.1629099607317875,0.1511265287676102,0.2050524790378865,0.2305883873564448,0.0
76561199148191143,0.2444794286674195,0.2297513810974784,0.1681634402122951,0.103528392364981,0.2540773576578258,0.0
76561198044169133,0.2789176823973122,0.2219525586236203,0.1043535392360311,0.182188292867206,0.2125879268758302,0.0
76561199143159259,0.2554272885043822,0.196139065796136,0.2195144997795357,0.0964314508339982,0.2324876950859478,0.0
76561198341278283,0.2257840038073632,0.1406856657496867,0.1660147821080898,0.236481300185027,0.2310342481498332,0.0
76561199114607305,0.1846861215179204,0.1999261113675519,0.1653304776336885,0.1993584149063208,0.2506988745745183,0.0
76561199141759033,0.2651392666220536,0.1720783954527209,0.1608126614499284,0.1534672156111115,0.2485024608641855,0.0
76561199518636045,0.2556894544073198,0.232499902933439,0.1506724695478634,0.1821851130375313,0.1789530600738465,0.0
76561198008608067,0.1776519365402092,0.1794079417414963,0.2076089860050652,0.2065369577999177,0.2287941779133115,0.0
76561199879374518,0.2738902960059384,0.2382041597557431,0.2366139145189236,0.0967415976232541,0.1545500320961408,0.0
76561198351821528,0.2397173699609134,0.2115132320649458,0.1258484005641967,0.2061606665894976,0.2167603308204463,0.0
76561197979876290,0.191742177406563,0.1959411739347504,0.2096218688227604,0.2052569926003848,0.1974377872355412,0.0
76561198206869732,0.2583092347806539,0.1819841388596228,0.1900572023589293,0.1961882627643652,0.1734611612364287,0.0
76561199442822555,0.2979683172849554,0.2029909567463785,0.1496192420592684,0.1709825247347653,0.1784389591746323,0.0
76561198816134762,0.3041458128853135,0.1411703064901177,0.1434005967460208,0.2122664177863384,0.1990168660922094,0.0
76561198272701149,0.2245580656519172,0.1442226018742233,0.2158454789421081,0.1944103131233968,0.2209635404083546,0.0
76561198986772742,0.2206941486037322,0.2214438924139151,0.2172928725024681,0.2053381706152377,0.1352309158646467,0.0
76561199882387137,0.3186230307642784,0.2164860784710072,0.2389016002344429,0.1316176063356191,0.094371684194652,0.0
76561199755294671,0.1996789411926704,0.2202218410008048,0.1936849598192211,0.1150089322548315,0.2714053257324721,0.0
76561199557398352,0.3131805364086214,0.239615303384501,0.1697452845131297,0.1000108634432254,0.1774480122505223,0.0
76561199651398849,0.3099187806218888,0.2497417362189767,0.1505896087638014,0.1130849471679224,0.1766649272274106,0.0
76561198138316742,0.2557529299336248,0.1827013656860582,0.1537221210118628,0.2342927762814511,0.1735308070870029,0.0
76561198043309202,0.2291769956019169,0.1939052633420551,0.2752911510889936,0.1724746241707381,0.1291519657962962,0.0
76561199508808924,0.2455838103835379,0.2571139407185674,0.0794773207321015,0.1100048699680936,0.3078200581976995,0.0
76561198865591103,0.2448154259470767,0.2357939215111432,0.2142278507942821,0.1123754295771742,0.1927873721703235,0.0
76561199011315469,0.2078124330411512,0.1994985978062843,0.1721096519781907,0.1382602275773071,0.2823190895970664,0.0
76561199083912200,0.2272670920364908,0.1759982494278844,0.1600990722269735,0.2106250214914926,0.2260105648171585,0.0
76561198055895597,0.1653160842202092,0.1653160842202092,0.1621849971970554,0.2402598563798449,0.266922977982681,0.0
76561199010475789,0.3518735211061518,0.2486610080851372,0.1805500825263243,0.1385901070391253,0.0803252812432612,0.0
76561199568067378,0.2438188841285334,0.2047170912419913,0.2183388616059535,0.1110549909377642,0.2220701720857577,0.0
76561199104391040,0.3808719223563865,0.2055627592570852,0.0625930349676535,0.1313027890303344,0.2196694943885403,0.0
76561198432274758,0.2930714514607974,0.179651350399048,0.1678764219197822,0.1868169725736688,0.1725838036467034,0.0
76561199233164979,0.2301206480890705,0.1924397414574985,0.1928065724589678,0.1736561567334971,0.2109768812609659,0.0
76561199631745821,0.2543604562339395,0.1879271393951422,0.1317342114328981,0.1680062073382843,0.2579719855997357,0.0
76561199170689400,0.2043717060854538,0.2144323619137735,0.1170767300438538,0.2135512592452132,0.2505679427117054,0.0
76561198136985842,0.2189384586829221,0.1855442601651306,0.2352292725974158,0.1744275582400836,0.1858604503144477,0.0
76561199795154363,0.300192995284898,0.2083880536259378,0.050197317081486,0.1437276388370177,0.2974939951706602,0.0
76561199470418036,0.2301119125488433,0.1784588832311308,0.1737108764513013,0.1782359965991139,0.2394823311696105,0.0
76561199025426416,0.2308590317051465,0.2038780854859413,0.1856027006763228,0.1339813887666269,0.2456787933659623,0.0
76561199526487450,0.2761584146802766,0.1835086281150348,0.2032535572126369,0.056924492679068,0.2801549073129837,0.0
76561199509552956,0.2089443031100438,0.1983456937423722,0.1382538282217709,0.1917139766719778,0.2627421982538352,0.0
76561199305756354,0.2715740139016248,0.1467247673119858,0.196661551492897,0.1740302482241203,0.211009419069372,0.0
76561199820531118,0.2375023578335401,0.2484757378979352,0.0794733839914354,0.1090207758792749,0.3255277443978143,0.0
76561199289397551,0.2589159383999725,0.2120557694016675,0.176634705500658,0.1152127094275789,0.237180877270123,0.0
76561199447952692,0.2497804081441239,0.1360888963445887,0.2263313545180619,0.1457801143040163,0.2420192266892092,0.0
76561198071154203,0.1778334371928998,0.1710637652890845,0.1879686731526382,0.2289253532862909,0.2342087710790864,0.0
76561198792381604,0.1461407572728625,0.2128594753609806,0.1335212979562283,0.1384340900829686,0.3690443793269597,0.0
76561198906743730,0.2495650773084449,0.202429501325883,0.2445607263966152,0.1307165635477186,0.1727281314213382,0.0
76561198192535273,0.2372845923688601,0.2108533762053414,0.2183215098879841,0.132155536090734,0.2013849854470803,0.0
76561198193985237,0.1871036216862906,0.1760047720210956,0.20670989703553,0.2054252569604975,0.2247564522965862,0.0
76561198072888615,0.1939954101128228,0.1985876931602277,0.2041577301301685,0.2039765791599298,0.199282587436851,0.0
76561198142871256,0.2130495065379161,0.1862499728941451,0.2213864726152823,0.1680367443613156,0.2112773035913406,0.0
76561199244382821,0.3241092584812622,0.2820253315963162,0.1814556774173762,0.0,0.2124097325050453,0.0
76561198070384606,0.2240248243169204,0.1709661438907412,0.1631359600234859,0.2587159623616669,0.1831571094071855,0.0
76561198014916777,0.2155088085514697,0.2105210487082182,0.2329327565909358,0.1771332135265248,0.1639041726228514,0.0
76561199750937606,0.3114338772757771,0.2386089520036658,0.2036733793113466,0.0,0.2462837914092104,0.0
76561198439100835,0.2386944903176616,0.2142211315196553,0.2181763702156547,0.1321885459393132,0.1967194620077151,0.0
76561199471838775,0.2574422328224158,0.1920038258208112,0.1544463435654074,0.1479392867424513,0.2481683110489143,0.0
76561199630639323,0.2722143151831052,0.2108117790877934,0.2147427732752519,0.0822341095849816,0.2199970228688678,0.0
76561198354464634,0.2541193357287468,0.1885403624805218,0.2100886221731786,0.1507304845738601,0.1965211950436925,0.0
76561199186714151,0.2419319359292892,0.222049163222719,0.1639376187904745,0.1477048128425954,0.2243764692149218,0.0
76561199687646290,0.3619532185763405,0.1948832377745437,0.1609421994126041,0.1117933880179636,0.1704279562185481,0.0
76561199218902109,0.2246523881338863,0.1903629986765019,0.1980266975442121,0.186813064185277,0.2001448514601226,0.0
76561198025420677,0.2502756243162264,0.1987868683926487,0.2170883130524585,0.1535283284427944,0.1803208657958717,0.0
76561199530756303,0.319594619587267,0.2266013327885795,0.1582894504650277,0.0484021568283095,0.247112440330816,0.0
76561199587644940,0.3266012578194444,0.2232462700522442,0.0860800734304742,0.1664299388180034,0.1976424598798337,0.0
76561199572634759,0.322409859186748,0.1168709294461909,0.1122785294918097,0.1967415613480129,0.2516991205272383,0.0
76561198283397484,0.2751228642316529,0.2276712917967656,0.2018692531857981,0.1290896797824678,0.1662469110033153,0.0
76561198070463763,0.2939728773397465,0.1942458558609699,0.0914184709475544,0.273985808574911,0.146376987276818,0.0
76561199529575900,0.3346020015842145,0.2484169657695727,0.2227955040705944,0.0,0.1941855285756182,0.0
76561197961222873,0.3167380859811096,0.2664079827923685,0.1690517680226728,0.0821417375751656,0.1656604256286834,0.0
76561198069077998,0.2494515353817467,0.247640337350384,0.1943570990975242,0.1139754021789894,0.1945756259913554,0.0
76561198796975770,0.2518678391988632,0.2277263896437252,0.2177923104646576,0.1261781091826416,0.1764353515101122,0.0
76561198982027831,0.2814699281844831,0.2131148564283561,0.1716891822615394,0.1644767111483948,0.1692493219772264,0.0
76561198142432184,0.276546809631403,0.2213028005745084,0.1871572294412907,0.1416483804769004,0.1733447798758974,0.0
76561198802237869,0.3438286509267216,0.2962891361026362,0.1928679857266141,0.0,0.167014227244028,0.0
76561198842146094,0.2502878568489486,0.2421680675000533,0.2126016853662841,0.1142932014295125,0.1806491888552014,0.0
76561198286544260,0.2917871892753706,0.2442569992914215,0.1672811813221265,0.1959593079684094,0.1007153221426719,0.0
76561198099250072,0.2565275979646932,0.2046127167229514,0.1551228652907853,0.1647684868394102,0.2189683331821598,0.0
76561198349527228,0.2699628504229884,0.2216593736818609,0.1947961711498823,0.1061568110964832,0.207424793648785,0.0
76561198962774260,0.2737885590627064,0.2691190842474211,0.1580675029098415,0.1785124079435086,0.1205124458365223,0.0
76561198846183374,0.2247363043843966,0.2206269871793438,0.194824815678348,0.1596009262566111,0.2002109665013003,0.0
76561198117435171,0.2762305773671281,0.23599680627125,0.2201617531070627,0.1473543125088643,0.1202565507456947,0.0
76561199044097396,0.2468927531118137,0.2404326611756011,0.0779803324653436,0.1816396759429193,0.2530545773043222,0.0
76561198238420992,0.2361807789154003,0.1899046384721641,0.2257552649659599,0.1811179661154045,0.1670413515310709,0.0
76561198837631318,0.2528982180221751,0.2173522187792154,0.1892649477273753,0.2063876159289524,0.1340969995422818,0.0
76561199003329860,0.2623154707600992,0.2313665898565539,0.134562360241579,0.1189028194305824,0.2528527597111852,0.0
76561199028905855,0.3629899952035716,0.316843455062171,0.1953419982172008,0.0,0.1248245515170567,0.0
76561199150096251,0.2882310981610425,0.2341375849266975,0.0926772356426553,0.1980398614083287,0.1869142198612758,0.0
76561198843353774,0.2537127303771506,0.2134943371980731,0.2117990944013879,0.1397033658976318,0.1812904721257564,0.0
76561198360775008,0.2595860721553673,0.2079733691483104,0.1617794970832475,0.1853346663369363,0.1853263952761385,0.0
76561199186500350,0.2640190765164285,0.2269855665582492,0.165734617889749,0.0988933237074273,0.244367415328146,0.0
76561199051043192,0.3480586351759494,0.3228921620325101,0.0893170487541472,0.0,0.239732154037393,0.0
76561199262202976,0.2912951077779482,0.2068415464704014,0.2022289548367483,0.0773754548115696,0.2222589361033323,0.0
76561198838823687,0.2339858124447293,0.2328530018722988,0.1144548929922732,0.1976578694002309,0.2210484232904676,0.0
76561198392370761,0.3088535747921623,0.237472783507691,0.1722874719787194,0.1711206308364436,0.1102655388849837,0.0
76561199209636789,0.3311332096079371,0.305044287294064,0.1738418617664547,0.0,0.1899806413315442,0.0
76561198999705859,0.2891191671524042,0.2056834765264958,0.1555066069681144,0.1235106456082212,0.226180103744764,0.0
76561199433753634,0.3087645921616531,0.2320497522063172,0.1316994327778569,0.1580131236953511,0.1694730991588215,0.0
76561199836896572,0.2448721271518892,0.2132997467608587,0.179829593976011,0.1617419366097887,0.2002565955014523,0.0
76561198070374664,0.293694104306375,0.2320551053418733,0.2221362591827381,0.0,0.2521145311690135,0.0
76561197991266305,0.2712372172328641,0.2325472124933827,0.2089055299629666,0.1483098923406044,0.1390001479701821,0.0
76561199479136443,0.3667148845162032,0.2419670128836644,0.0904834473904643,0.0,0.3008346552096679,0.0
76561199229382365,0.3559760104729471,0.3191757805689824,0.3248482089580704,0.0,0.0,0.0
76561199274384456,0.3181050671796465,0.2550836952721736,0.2029378293034895,0.0,0.2238734082446901,0.0
76561198078014024,0.2591392225293819,0.1902704016853843,0.1550711564101518,0.2564698282865442,0.1390493910885375,0.0
76561198433458297,0.2663363601761201,0.2270585849031642,0.1879690613723827,0.180876903796841,0.1377590897514918,0.0
76561198186851741,0.2434363434935059,0.1951677983251996,0.1978706373040426,0.1793642488766302,0.1841609720006215,0.0
76561198214234216,0.2472694679228042,0.1826017307614748,0.1696139758468343,0.2062909409698157,0.1942238844990708,0.0
76561199336091998,0.2730144279902814,0.1926304552955151,0.2330462172100228,0.1252901888180599,0.1760187106861206,0.0
76561198103234257,0.2137754921357929,0.1620006750633883,0.1898901734323299,0.2433959213961022,0.1909377379723866,0.0
76561199214725358,0.2870137409417272,0.2525872387875379,0.1860513402125236,0.0,0.2743476800582111,0.0
76561199071636074,0.2886365451807533,0.23126664739896,0.1781291801349744,0.1531522609959081,0.1488153662894041,0.0
76561199502416746,0.2625839470174473,0.2070196214447059,0.1997084532288215,0.1355052911243955,0.1951826871846296,0.0
76561198838206590,0.2462110184255252,0.1974937085998631,0.1778739073830023,0.1741668252205292,0.2042545403710801,0.0
76561198137208244,0.2726993452233529,0.1764423449228121,0.1699488869727425,0.2039601291273647,0.1769492937537277,0.0
76561199024416168,0.3004152902799082,0.2210745613987519,0.2060161441244598,0.128602897044676,0.1438911071522039,0.0
76561198212519471,0.2578803971866966,0.2058254094613754,0.1979442294612683,0.1731063830900941,0.1652435808005654,0.0
76561199116914150,0.2606584570348293,0.2230792290376317,0.2192299929834612,0.1455125503181878,0.1515197706258899,0.0
76561198797617660,0.2908913786421344,0.2838536815810786,0.110651523099008,0.0637611693558331,0.2508422473219459,0.0
76561199041231560,0.2809432966168408,0.2506068574717787,0.1656597400108596,0.0763365458619775,0.2264535600385433,0.0
76561198366069046,0.3222300239132246,0.2445237021728935,0.2215759417875955,0.1058351660631432,0.1058351660631432,0.0
76561198149717332,0.243523357504516,0.1948671483482516,0.2121102096395071,0.2024526319481551,0.1470466525595698,0.0
76561199217242920,0.2547879515021813,0.1882912217026398,0.1892420606329256,0.1673976233951189,0.2002811427671342,0.0
76561198268230924,0.2504378290643877,0.2027021308318227,0.1941420894634228,0.1463691149714181,0.2063488356689485,0.0
76561199201774235,0.2616487900878071,0.2038940506324597,0.2170747946173611,0.1297537116964809,0.1876286529658911,0.0
76561199017665090,0.2527753093762203,0.2186142220234959,0.2040468792151347,0.1259042259055891,0.1986593634795599,0.0
76561199039143583,0.2586920521686078,0.1656479804230206,0.1479710930770988,0.1133881968013645,0.3143006775299081,0.0
76561199023588691,0.2529169992513343,0.1954240780556787,0.1913366620468677,0.1514797163487853,0.2088425442973338,0.0
76561199226176149,0.3534465330248209,0.1664907592470472,0.069311987935581,0.069311987935581,0.3414387318569697,0.0
76561198975067132,0.2639209762553324,0.1904269229790212,0.1740716482169012,0.1677701099389909,0.203810342609754,0.0
76561199447044530,0.2492782850024601,0.1693223851344851,0.2427958025481759,0.1135811909094411,0.2250223364054376,0.0
76561198042752440,0.3066124938525575,0.207779982273421,0.1003624780190369,0.1156402382592614,0.269604807595723,0.0
76561197989427343,0.2532379261661269,0.1566872392455827,0.1840443909334626,0.1629147025282529,0.2431157411265747,0.0
76561199042135432,0.2721177747193829,0.1959729423468795,0.1814287563004318,0.1603586719531713,0.1901218546801343,0.0
76561197970935355,0.2242030112996367,0.1911400258538037,0.223691788651011,0.1758899107951172,0.1850752634004311,0.0
76561198062256620,0.2352196301887252,0.2136257881829072,0.2106672463811476,0.2051584647593353,0.1353288704878846,0.0
76561197984511411,0.247827696799809,0.2185253709648744,0.18156866163172,0.1664089668901602,0.1856693037134363,0.0
76561198335877752,0.2666653902791291,0.2581398274392241,0.1783008516664635,0.1445120341915803,0.1523818964236029,0.0
76561198822653847,0.2573152816183565,0.2255469557705185,0.2372124006373092,0.1668587113816851,0.1130666505921305,0.0
76561199499958759,0.2547027425736736,0.2111436975889248,0.2333021335370631,0.1588631032530464,0.1419883230472918,0.0
76561198812864080,0.2609734277712059,0.2437105662844101,0.2229473882942066,0.132596574238958,0.1397720434112192,0.0
76561198372595912,0.3149599975367826,0.2806160823677477,0.2615009146008754,0.1429230054945943,0.0,0.0
76561199121565961,0.3747701946327076,0.311594797426079,0.3136350079412133,0.0,0.0,0.0
76561198346465577,0.2338359883336911,0.2281861049281915,0.1951787269916118,0.1597000094156184,0.183099170330887,0.0
76561197964052205,0.2668639014127614,0.2441077727666612,0.1981571670056421,0.0978689994326209,0.1930021593823145,0.0
76561199136746247,0.2787853389389566,0.2336207048837388,0.2186534035574189,0.1499186785637255,0.1190218740561601,0.0
76561198989511606,0.2147901878647734,0.1997641940313982,0.1924105344384871,0.2182621593698788,0.1747729242954624,0.0
76561198302636427,0.2164737250850548,0.2053766416642047,0.202282412088252,0.2062069047733043,0.1696603163891839,0.0
76561198146396342,0.2253348243049681,0.1924926470353763,0.2240086579047562,0.1732364472590266,0.1849274234958726,0.0
76561198295206449,0.2281822673116041,0.1883159462858484,0.2122387299886583,0.19841532066004,0.1728477357538489,0.0
76561198078169237,0.3074435390644611,0.2066843184972684,0.2514441398270329,0.0,0.2344280026112375,0.0
76561198092251510,0.2518326303907963,0.2273856233995999,0.2415755747235864,0.1196829029513674,0.1595232685346499,0.0
76561198212109881,0.2874255362379265,0.2262307560450603,0.2569709922072219,0.1150544411538763,0.1143182743559148,0.0
76561199552824101,0.2615524062138483,0.2113510076171134,0.1996257456158719,0.1417506671555005,0.1857201733976657,0.0
76561198166039566,0.2576818108827362,0.2263722205854121,0.2043926787903333,0.1567181146136559,0.1548351751278623,0.0
76561198314815990,0.2434015541124183,0.2055210163860552,0.2070977671593882,0.2217712859449721,0.1222083763971661,0.0
76561199218251849,0.4323502615642092,0.3126497966685187,0.254999941767272,0.0,0.0,0.0
76561198213107237,0.2898617616806558,0.2020129985042242,0.2186482872971908,0.1419539298491093,0.1475230226688197,0.0
76561198271409027,0.266740830658467,0.2261532201652349,0.230205063736003,0.1468512166463124,0.1300496687939823,0.0
76561198231347376,0.4488953038857675,0.0486318922603132,0.4010191586190574,0.0496346992094618,0.0518189460253998,0.0
76561198076111958,0.2920992898585836,0.2292631087013307,0.2242623482114507,0.1557525561480469,0.0986226970805879,0.0
76561198015886343,0.2421208073967948,0.2132626791655087,0.1918432804912621,0.1941939730746681,0.1585792598717661,0.0
76561198155700223,0.2346442985665758,0.1964726149718055,0.2183621422104705,0.171013935882387,0.1795070083687611,0.0
76561199512732822,0.2978502080704313,0.2378004130452072,0.2681378486708679,0.1962115302134935,0.0,0.0
76561199274730477,0.235429136625596,0.2142912975761698,0.2329427078180505,0.1262825283483811,0.1910543296318023,0.0
76561198047089807,0.2815437117291793,0.2214560674701979,0.2270572441503211,0.2699429766503016,0.0,0.0
76561198049192663,0.2392538127289064,0.1953062900740353,0.2150354596193795,0.1943059144962195,0.1560985230814591,0.0
76561197975515451,0.2272019731971001,0.2192546691329698,0.2009910712355922,0.1770323216692498,0.175519964765088,0.0
76561199464469677,0.3111331907709664,0.2890512456831552,0.2205422390376269,0.1792733245082512,0.0,0.0
76561198273477765,0.2889435544681411,0.2191112915131901,0.2079984111918136,0.1098352176682319,0.1741115251586232,0.0
76561198408126263,0.2384246539829545,0.1920761590891478,0.2035888173219975,0.1781563123091588,0.1877540572967412,0.0
76561199478273259,0.2129220636724113,0.1870764644949756,0.2086201832890979,0.2061413375796604,0.1852399509638545,0.0
76561197992664926,0.2389418801961287,0.1949002530207483,0.2064382530014399,0.1692049505149435,0.1905146632667394,0.0
76561199231536128,0.245665059953284,0.2110382037248922,0.2052908049472274,0.173683115092949,0.1643228162816472,0.0
76561198868323862,0.3609954754608536,0.2989076894380258,0.3400968351011205,0.0,0.0,0.0
76561198837284017,0.2610348461634201,0.2001556348142464,0.2038682550619203,0.1221484271913049,0.2127928367691081,0.0
76561199214927585,0.3721200412329594,0.2349237280721753,0.2384280089639486,0.0,0.1545282217309167,0.0
76561198014489715,0.2328865753358254,0.1816435037398037,0.1628070413900032,0.2217319144350047,0.2009309650993627,0.0
76561198377168031,0.2750317314248516,0.2138819114959844,0.2218939783306192,0.1782838270310059,0.1109085517175387,0.0
76561198311777128,0.2382674200888674,0.1968611879929218,0.2102850578831128,0.1583546973641977,0.1962316366709,0.0
76561199142956823,0.2959132286308314,0.1482598243538104,0.0,0.0618139057794794,0.4940130412358787,0.0
76561198151733556,0.3148890747914475,0.2186533825609894,0.2295654808112208,0.0,0.2368920618363422,0.0
76561198847593484,0.2432840150184073,0.2197135091200875,0.1828041820127832,0.1853359637659241,0.1688623300827976,0.0
76561199153422953,0.3889967799495895,0.2345663935909356,0.0881247208424614,0.1041264884720463,0.1841856171449671,0.0
76561198283383463,0.2329231981192219,0.2040021668530707,0.118789721679523,0.1892629260431862,0.2550219873049981,0.0
76561198135685349,0.3577841777647547,0.1994329000643316,0.1961779984574031,0.0,0.2466049237135103,0.0
76561199104812024,0.2303308096207354,0.1909706096991892,0.1810696895405821,0.1962264562568528,0.2014024348826403,0.0
